ingredient_type,yield,year,month,day,operations_commencing_year,num_processing_plants,farm_area,deidentified_location,temp_obs,cloudiness,wind_direction,dew_temp,pressure_sea_level,precipitation,wind_speed
1,3630.09,2016,10,27,1999.0,0.0,8723.312991,12,20.6,0.0,60.0,16.7,1021.2,0.0,3.1
1,1482.46,2016,8,7,2009.0,0.0,51394.86863,6,36.7,2.0,0.0,13.9,1003.6,0.0,0.0
2,51.375,2016,8,10,0.0,0.0,1807.334962,1,24.4,0.0,200.0,20.6,1014.5,0.0,3.6
1,974.233,2016,6,5,0.0,0.0,6604.288464,5,19.4,0.0,180.0,14.4,1011.1,0.0,2.6
0,25.88,2016,6,18,0.0,5.0,645.118432,8,30.6,0.0,240.0,22.8,1015.4,0.0,3.6
0,19.0,2016,12,19,0.0,0.0,5054.387715,13,-5.0,0.0,340.0,-12.2,1041.0,0.0,4.1
0,49.4075,2016,12,11,1999.0,6.0,2176.903096,9,7.8,0.0,0.0,6.7,1022.0,0.0,0.0
0,994.75,2016,11,13,2009.0,15.0,14372.651518,9,16.7,0.0,300.0,13.9,1019.1,0.0,2.6
0,22.5,2016,11,8,0.0,7.0,4003.561882,0,11.7,0.0,0.0,2.8,1026.7,0.0,0.0
2,131.99,2016,10,2,1964.0,0.0,2239.241009,3,14.4,0.0,150.0,13.3,1019.0,0.0,4.1
2,3141.6,2016,2,24,0.0,0.0,9089.443714,5,4.4,0.0,70.0,3.3,1015.2,-1.0,6.7
1,58.0568,2016,9,21,1923.0,0.0,10589.827164,3,0.0,0.0,0.0,0.0,0.0,0.0,0.0
3,0.0,2016,5,18,0.0,6.0,19859.131086,0,21.1,2.0,310.0,3.9,1013.9,0.0,3.6
0,44.5833,2016,10,3,0.0,5.0,1710.715842,8,25.0,0.0,360.0,23.3,1012.4,0.0,2.1
2,1429.69,2016,6,11,0.0,0.0,35416.574563,1,32.2,4.0,90.0,13.9,1013.1,0.0,4.1
0,20.358,2016,12,31,0.0,0.0,4420.138934,1,-5.0,0.0,320.0,-8.9,1005.9,0.0,5.7
0,176.01,2016,4,28,1991.0,0.0,12236.25413,6,23.9,2.0,270.0,-7.8,1004.7,0.0,8.8
0,1020.34,2016,3,25,2010.0,0.0,31587.02,4,19.4,0.0,320.0,11.1,1008.5,0.0,5.1
2,492.75,2016,8,11,0.0,0.0,63138.179442,1,21.1,0.0,40.0,19.4,1014.1,43.0,4.1
0,15.26,2016,11,13,1900.0,0.0,1703.84102,4,2.8,0.0,190.0,-2.2,1025.5,0.0,1.5
0,38.5,2016,4,26,0.0,6.0,2033.832476,0,6.7,0.0,30.0,5.6,1003.0,0.0,1.5
1,2.1,2016,10,29,0.0,0.0,2217.687513,5,16.7,0.0,230.0,8.3,1012.7,0.0,2.1
0,13.0,2016,5,13,1953.0,0.0,4941.882182,3,0.0,0.0,0.0,0.0,0.0,0.0,0.0
2,109.8,2016,3,25,0.0,0.0,7212.245696,13,17.2,0.0,360.0,2.8,1015.2,0.0,2.6
1,4.65,2016,2,4,1965.0,6.0,20999.979926,2,1.1,0.0,60.0,0.9,1002.4,0.0,2.6
1,102.059,2016,9,5,0.0,0.0,2670.96125,6,30.0,0.0,0.0,7.8,1004.7,0.0,2.1
3,793.8389999999998,2016,4,2,0.0,0.0,12911.380231,5,18.3,0.0,230.0,15.6,1002.2,0.0,2.6
0,59.871,2016,8,29,0.0,0.0,7144.519409,5,23.3,0.0,200.0,17.2,1021.2,0.0,2.6
0,104.206,2016,8,24,0.0,0.0,5785.905937,5,18.9,0.0,0.0,13.9,1024.6,0.0,0.0
2,457.5,2016,2,9,0.0,0.0,27992.324221,13,6.1,0.0,300.0,-4.4,1027.8,0.0,2.6
0,268.92900000000003,2016,5,27,2003.0,0.0,6326.136882,12,22.8,2.0,70.0,16.1,1018.7,0.0,3.1
2,36.6,2016,9,6,0.0,0.0,17997.447869,13,27.8,0.0,110.0,25.0,1015.8,0.0,2.6
0,1264.9,2016,8,19,0.0,9.0,14000.017585,2,14.2,0.0,360.0,12.9,1014.9,0.0,0.0
0,0.0939,2016,6,26,1977.0,11.0,7668.956844,15,13.3,0.0,270.0,12.6,1017.5,0.0,3.6
0,17.25,2016,10,16,1909.0,0.0,1185.535183,6,33.9,2.0,170.0,1.1,1008.2,0.0,1.5
0,151.65,2016,3,8,0.0,0.0,5440.585486,7,13.3,4.0,210.0,2.8,1020.4,0.0,1.5
1,0.0,2016,9,29,0.0,0.0,1453.839047,5,16.7,0.0,90.0,13.9,1020.4,0.0,5.7
0,157.625,2016,11,1,1933.0,0.0,12151.154982,3,9.4,0.0,160.0,3.3,1024.6,0.0,6.2
2,85.4,2016,5,30,0.0,0.0,15519.910665,13,30.6,0.0,170.0,19.4,1011.7,0.0,2.1
0,0.52,2016,4,19,0.0,0.0,291.065099,4,15.0,0.0,170.0,10.6,1017.9,0.0,2.1
2,634.34,2016,10,14,1902.0,0.0,4541.191543,3,2.2,0.0,30.0,1.7,1026.2,0.0,2.1
0,34.2212,2016,3,11,0.0,8.0,4212.965244,15,4.1,0.0,110.0,2.1,1029.8,0.0,2.6
1,115.742,2016,4,14,0.0,0.0,2568.396338,5,6.7,0.0,20.0,-2.8,1027.2,0.0,2.6
0,28.1,2016,2,22,1976.0,6.0,4597.955276,10,7.0,0.0,290.0,6.0,0.0,0.0,3.6
0,61.11,2016,11,2,0.0,0.0,5779.031115,4,18.9,0.0,190.0,16.1,1022.2,0.0,3.1
1,0.0,2016,2,1,0.0,0.0,14150.241736,1,0.6,0.0,250.0,-2.8,1009.4,0.0,2.1
0,147.139,2016,12,3,0.0,0.0,18554.772966,1,-1.1,8.0,240.0,-5.0,1027.4,0.0,4.6
0,73.84,2016,11,20,0.0,0.0,5281.628453,1,-3.3,4.0,330.0,-9.4,1031.3,0.0,5.1
1,2533.71,2016,7,28,2005.0,0.0,17043.98438,6,33.3,0.0,130.0,15.6,1007.4,0.0,3.6
1,24.3718,2016,11,17,1970.0,0.0,864.834027,6,21.7,0.0,120.0,2.8,1005.1,0.0,1.5
0,15.1932,2016,8,23,0.0,0.0,14150.241736,1,23.3,0.0,200.0,15.6,1013.4,0.0,5.7
0,62.51,2016,2,26,1935.0,0.0,4385.0216,4,2.2,4.0,320.0,-7.8,1012.0,0.0,5.7
0,204.66,2016,3,25,1976.0,0.0,9689.225482,4,20.0,0.0,190.0,12.8,1006.2,0.0,7.7
0,55.0,2016,12,11,0.0,0.0,3972.067765,5,0.0,0.0,210.0,-9.4,1030.4,0.0,2.6
1,164.87,2016,11,28,0.0,0.0,8005.172801,13,22.8,0.0,300.0,15.0,1002.5,0.0,6.2
2,2253.64,2016,1,3,1960.0,0.0,1704.026826,3,-1.0,0.0,300.0,-2.0,0.0,0.0,2.1
0,140.0,2016,11,10,0.0,0.0,20255.083672,13,16.1,0.0,0.0,15.0,1025.5,0.0,1.5
0,0.4167,2016,6,15,0.0,5.0,297.2896,8,30.0,0.0,200.0,22.8,1015.2,-1.0,4.6
0,65.895,2016,3,21,0.0,8.0,8055.990742,11,3.2,7.0,250.0,2.0,1025.8,0.0,6.0
0,10.05,2016,4,2,1993.0,0.0,3239.992125,3,6.7,0.0,260.0,1.1,1006.1,0.0,4.1
0,0.0,2016,12,28,0.0,0.0,39620.528216,13,18.9,0.0,0.0,17.2,1019.3,0.0,0.0
0,0.0,2016,1,20,0.0,0.0,750.563337,13,11.7,0.0,360.0,6.7,0.0,0.0,4.1
0,506.1,2016,3,2,1966.0,11.0,11903.289778,9,17.8,0.0,220.0,11.7,1018.2,0.0,2.6
2,4273.44,2016,2,18,0.0,0.0,28339.781441,1,-2.8,0.0,150.0,-7.8,1021.1,0.0,6.2
0,219.0,2016,7,28,0.0,0.0,8101.1416,5,24.4,0.0,210.0,21.7,1011.7,3.0,2.6
0,329.083,2016,6,25,1958.0,13.0,9334.986343,15,14.1,0.0,250.0,11.4,1017.4,0.0,4.6
1,30.6318,2016,11,13,1983.0,0.0,11282.14032,6,26.1,0.0,90.0,2.2,1015.4,0.0,1.5
0,21.5,2016,10,3,1919.0,6.0,2708.029547,10,17.0,0.0,130.0,11.0,0.0,0.0,6.2
2,2546.88,2016,12,12,0.0,0.0,3447.351621,1,-7.2,0.0,330.0,-9.4,1013.2,-1.0,3.1
3,0.0,2016,8,12,1958.0,17.0,12976.969749,15,27.0,0.0,260.0,11.5,1022.5,0.0,7.2
0,69.43,2016,1,7,2014.0,0.0,5310.799995,4,5.6,0.0,0.0,2.8,1023.9,0.0,0.0
0,136.07,2016,7,15,2002.0,0.0,4457.857552,4,27.2,6.0,10.0,21.1,1014.0,0.0,2.6
3,2.9307,2016,1,25,1989.0,0.0,15520.932598,6,18.3,2.0,0.0,-2.8,1014.9,0.0,1.5
0,2.3,2016,6,17,1976.0,5.0,1047.01681,10,12.0,0.0,330.0,12.0,0.0,0.0,3.6
0,0.11,2016,5,28,1900.0,0.0,18051.0529,4,22.2,0.0,190.0,18.9,1019.1,0.0,4.6
3,1017.35,2016,3,2,0.0,0.0,12911.380231,5,5.0,0.0,330.0,-10.6,1008.7,0.0,8.2
0,57.5,2016,1,28,1959.0,10.0,3836.615191,9,9.4,0.0,0.0,7.2,1025.8,0.0,0.0
0,77.542,2016,3,9,0.0,0.0,4900.447444,1,3.9,8.0,230.0,2.2,1014.6,0.0,2.6
0,0.0,2016,12,7,0.0,5.0,371.612,8,19.4,2.0,330.0,16.7,1017.7,0.0,2.1
1,42.892,2016,7,15,1967.0,0.0,5292.591007,3,0.0,0.0,0.0,0.0,0.0,0.0,0.0
2,12093.8,2016,1,7,0.0,0.0,425.588643,4,5.6,8.0,0.0,2.8,1024.0,0.0,0.0
0,256.4,2016,3,16,1907.0,12.0,3200.972865,15,7.5,0.0,40.0,5.5,1029.2,0.0,3.6
0,39.03,2016,5,30,0.0,0.0,2222.053954,4,21.7,8.0,210.0,20.6,1018.4,-1.0,2.6
1,45.5784,2016,1,12,2004.0,0.0,15232.282977,6,11.7,0.0,280.0,-0.6,1023.2,0.0,1.5
0,2.75,2016,9,1,0.0,5.0,60.201144,8,23.3,0.0,120.0,22.2,1012.8,0.0,4.1
3,0.0,2016,4,10,1914.0,0.0,4559.493434,6,22.2,0.0,280.0,2.2,1007.6,0.0,6.2
1,61.0408,2016,10,15,1913.0,0.0,2909.350348,3,12.2,0.0,170.0,3.9,1028.1,0.0,5.7
0,103.91,2016,5,20,1957.0,0.0,12731.42712,6,28.3,0.0,250.0,4.4,1004.1,0.0,2.6
0,7.91,2016,8,14,0.0,0.0,136.846119,4,33.3,4.0,270.0,22.8,1016.5,0.0,4.1
2,3750.0,2016,6,2,0.0,0.0,10351.623872,1,16.7,0.0,300.0,7.8,1017.9,0.0,4.6
0,36.5,2016,10,14,1958.0,8.0,2801.95448,9,18.3,0.0,200.0,13.9,1015.3,0.0,7.2
0,16.07,2016,3,6,0.0,0.0,1312.254875,4,3.9,0.0,50.0,-0.6,1022.6,-1.0,1.5
0,43.52,2016,6,15,1930.0,8.0,6382.529003,9,18.9,4.0,260.0,7.2,1018.0,0.0,7.2
0,1164.48,2016,6,19,1942.0,0.0,54436.977365,4,20.6,4.0,220.0,13.3,1027.1,0.0,3.1
2,2777.34,2016,12,26,0.0,0.0,6582.363356,1,5.0,4.0,170.0,2.2,997.0,0.0,9.3
0,166.075,2016,8,27,1933.0,0.0,16780.604375,3,28.3,2.0,50.0,17.2,1021.5,0.0,2.1
2,1128.7,2016,12,31,1902.0,0.0,4541.191543,3,-3.9,0.0,230.0,-7.8,1014.8,0.0,4.6
0,93.8,2016,2,12,1958.0,7.0,10552.758867,9,12.8,2.0,0.0,10.0,1022.6,0.0,0.0
2,732.422,2016,7,14,0.0,0.0,6582.363356,1,20.6,0.0,270.0,12.2,1008.1,0.0,7.2
0,9.23,2016,7,6,0.0,0.0,172.613774,4,26.1,2.0,360.0,23.9,1011.8,0.0,1.5
0,24.35,2016,8,22,1968.0,0.0,1184.884862,4,22.8,2.0,320.0,16.7,1013.6,0.0,3.1
0,14.1,2016,1,1,1953.0,0.0,4941.882182,3,0.0,0.0,280.0,-5.0,0.0,0.0,7.7
0,5.3,2016,12,26,1919.0,6.0,2708.029547,10,7.0,0.0,300.0,3.0,0.0,0.0,4.6
2,347.656,2016,4,30,0.0,0.0,5281.628453,1,6.1,6.0,60.0,0.0,1019.2,0.0,6.2
1,2.3222,2016,12,6,1975.0,0.0,6131.505097,3,-3.9,4.0,80.0,-4.4,1020.2,0.0,2.6
1,9.8702,2016,10,8,1946.0,0.0,15681.190273,3,14.4,0.0,350.0,13.3,1017.9,0.0,1.5
0,18.8075,2016,3,24,0.0,7.0,2802.976413,11,6.6,8.0,210.0,1.8,1012.0,0.0,4.0
0,2637.64,2016,10,31,0.0,0.0,24265.148764,6,21.1,0.0,90.0,8.3,1011.8,0.0,2.6
2,54.9,2016,7,27,0.0,0.0,11712.931531,13,24.4,2.0,0.0,23.3,1012.6,0.0,0.0
0,30.3,2016,11,8,1967.0,14.0,6181.022396,15,4.0,0.0,130.0,2.2,1003.2,0.0,3.1
0,211.505,2016,7,18,1980.0,0.0,5487.873113,12,30.6,0.0,110.0,23.9,1022.9,0.0,5.1
0,419.02,2016,2,18,0.0,0.0,35416.574563,1,3.3,0.0,140.0,-1.7,1008.4,0.0,7.7
0,84.0,2016,3,30,0.0,0.0,7796.326857,1,7.2,0.0,130.0,4.4,1010.1,-1.0,6.7
0,13.4,2016,11,3,1956.0,12.0,2937.035442,15,8.3,0.0,210.0,6.3,1017.8,0.0,6.2
0,14.0,2016,10,1,0.0,0.0,1943.252051,13,15.6,0.0,0.0,12.2,1018.9,0.0,0.0
2,42.7,2016,11,1,0.0,0.0,3831.412623,13,23.3,0.0,0.0,21.7,1015.5,0.0,1.5
1,10.9118,2016,11,2,1961.0,0.0,13051.756664,3,9.4,0.0,150.0,6.1,1023.0,0.0,4.1
0,427.48800000000006,2016,4,18,0.0,0.0,13375.523619,1,23.3,0.0,0.0,10.0,1023.7,0.0,2.6
2,145.70600000000005,2016,1,17,0.0,0.0,1453.839047,5,1.7,0.0,50.0,-6.1,1010.9,0.0,3.6
0,100.2,2016,5,18,1921.0,0.0,5936.5017,4,13.3,0.0,40.0,11.1,1019.9,0.0,3.6
0,2.32,2016,6,16,1948.0,0.0,151.338987,6,25.6,0.0,130.0,0.6,1008.7,0.0,4.1
0,81.305,2016,9,20,0.0,0.0,63138.179442,1,15.0,2.0,200.0,9.4,1019.2,0.0,1.5
0,1406.07,2016,11,12,1975.0,0.0,10833.140121,12,15.0,0.0,0.0,12.2,1016.6,0.0,0.0
1,30.5111,2016,8,29,0.0,0.0,2907.8639,5,23.3,0.0,200.0,18.3,1021.3,0.0,3.1
0,366.643,2016,11,21,1959.0,0.0,6800.4996,4,3.9,0.0,300.0,-7.8,1013.1,0.0,8.2
0,28.3,2016,8,27,1923.0,10.0,5456.471899,9,17.2,0.0,210.0,12.8,1015.0,0.0,1.5
0,3.7,2016,4,1,1976.0,7.0,705.040867,10,8.0,0.0,160.0,5.0,0.0,0.0,4.1
0,1.6,2016,2,11,1976.0,6.0,431.99895,10,2.0,0.0,310.0,0.0,0.0,0.0,2.6
0,127.912,2016,6,24,1968.0,0.0,2737.758507,12,34.4,4.0,100.0,21.1,1018.4,0.0,3.1
0,26.59,2016,12,30,0.0,0.0,1106.47473,4,6.1,0.0,290.0,-3.3,1007.8,0.0,3.1
0,169.22099999999998,2016,1,13,0.0,0.0,6491.690028,5,-3.3,0.0,290.0,-15.0,1015.4,0.0,3.6
0,62.125,2016,3,6,0.0,9.0,4703.028569,15,4.2,0.0,320.0,-0.7,1004.5,0.0,1.5
0,122.4,2016,1,9,0.0,0.0,6491.690028,5,4.4,0.0,80.0,1.1,1021.0,0.0,3.6
0,115.45,2016,5,13,0.0,5.0,1540.703352,8,25.6,6.0,130.0,16.1,1018.0,0.0,3.6
0,175.21200000000005,2016,9,14,0.0,0.0,12365.3893,1,10.0,2.0,360.0,5.6,1026.5,0.0,2.6
2,10.6498,2016,9,2,1903.0,0.0,5707.867417,3,17.2,4.0,320.0,13.9,1022.2,0.0,3.6
0,237.584,2016,7,25,0.0,0.0,18554.772966,1,23.9,0.0,280.0,16.1,1017.8,0.0,3.1
2,719.712,2016,7,27,0.0,0.0,14807.251752,5,31.7,0.0,360.0,17.2,1011.2,0.0,1.5
0,2.72,2016,6,15,0.0,0.0,20903.175,4,26.1,0.0,180.0,19.4,1010.4,0.0,4.6
0,56.437,2016,3,12,0.0,0.0,8099.933860999999,1,11.1,0.0,200.0,3.3,1017.1,0.0,3.1
0,525.571,2016,12,15,2003.0,0.0,5649.338527,12,20.0,0.0,240.0,18.3,0.0,0.0,3.1
1,137.394,2016,5,31,1923.0,0.0,10589.827164,3,20.0,0.0,190.0,12.2,1016.5,0.0,2.1
1,3.341,2016,1,8,0.0,0.0,11345.500166,13,9.4,0.0,190.0,8.3,1009.4,0.0,1.5
0,1497.72,2016,4,13,0.0,0.0,41103.817514,5,3.9,0.0,0.0,-5.0,1027.0,0.0,0.0
1,90.383,2016,11,1,1951.0,0.0,4562.280524,6,26.1,2.0,0.0,4.4,1009.8,0.0,2.6
0,53.0,2016,9,2,0.0,0.0,7796.326857,1,23.3,0.0,160.0,12.2,1021.3,0.0,5.1
0,233.79,2016,9,23,2004.0,0.0,3413.627832,4,28.9,2.0,130.0,17.8,1017.0,0.0,2.6
2,58.5142,2016,10,18,0.0,0.0,8686.4305,7,29.4,0.0,220.0,15.6,1012.6,0.0,3.1
0,235.574,2016,2,12,0.0,0.0,10757.052564,1,-10.0,8.0,270.0,-13.3,1025.2,0.0,3.1
0,222.38,2016,4,23,1968.0,0.0,9181.510587,6,21.7,0.0,0.0,5.6,1010.1,0.0,0.0
2,7.8125,2016,6,18,0.0,0.0,35416.574563,1,25.0,0.0,180.0,17.2,1018.1,0.0,5.1
2,515.374,2016,11,17,1967.0,0.0,5292.591007,3,7.2,0.0,310.0,5.6,1017.1,0.0,3.6
1,1937.85,2016,7,14,0.0,0.0,53614.414203,1,20.0,0.0,300.0,13.9,1012.3,-1.0,6.7
1,1659.74,2016,11,14,2006.0,0.0,16681.569777,6,16.1,2.0,110.0,6.1,1019.7,0.0,2.1
1,1643.0,2016,3,8,0.0,0.0,12911.380231,5,22.2,0.0,290.0,1.7,1018.1,0.0,3.1
1,928.628,2016,5,13,2016.0,0.0,2012.000271,12,20.6,2.0,0.0,17.8,1017.3,0.0,0.0
0,5.239,2016,6,28,1919.0,6.0,1691.020406,10,11.0,0.0,290.0,10.0,0.0,0.0,2.1
0,65.13,2016,4,23,1911.0,0.0,6447.4682,4,20.0,0.0,360.0,7.8,1012.5,0.0,7.7
0,82.9167,2016,6,5,0.0,5.0,3889.012483,8,25.0,2.0,130.0,22.8,1013.5,0.0,2.1
1,10.2844,2016,12,24,2008.0,0.0,25997.97552,3,0.6,0.0,160.0,-5.6,1028.0,0.0,3.6
0,26.5,2016,1,9,1956.0,0.0,3132.038839,6,13.3,4.0,40.0,3.3,1020.9,0.0,1.5
0,67.531,2016,12,22,0.0,8.0,3724.016755,15,8.1,0.0,220.0,3.8,1029.1,0.0,4.6
0,0.0,2016,12,12,1962.0,7.0,16999.948358,2,-5.6,0.0,70.0,-6.4,1008.5,5.0,4.1
2,250.0,2016,9,12,0.0,0.0,6929.077352,1,20.0,2.0,180.0,12.2,1012.7,0.0,4.6
0,136.785,2016,8,30,2004.0,0.0,252.69616,12,26.7,0.0,90.0,23.3,1012.2,-1.0,4.6
0,558.823,2016,8,13,0.0,0.0,18580.6,5,29.4,2.0,220.0,25.6,1013.0,0.0,4.6
1,42.94300000000001,2016,8,28,1925.0,0.0,1885.094773,3,30.6,0.0,190.0,21.1,1019.9,0.0,3.6
1,0.0,2016,7,22,0.0,0.0,7451.285115,1,27.2,6.0,0.0,20.0,1014.3,0.0,0.0
2,1300.87,2016,8,10,1967.0,0.0,11568.374463,3,31.1,0.0,270.0,21.7,1018.1,0.0,2.6
1,432.502,2016,9,10,0.0,0.0,19058.214323,13,31.7,2.0,0.0,21.7,1011.3,0.0,2.1
1,299.038,2016,10,5,0.0,0.0,8062.679758,13,27.2,0.0,0.0,20.6,1008.9,0.0,2.6
0,21.36,2016,8,21,0.0,0.0,1144.193348,4,31.1,0.0,210.0,23.3,1007.1,8.0,6.2
0,132.95,2016,2,12,1932.0,0.0,7404.3691,4,-5.0,0.0,0.0,-15.6,1026.6,0.0,1.5
0,69.6318,2016,12,16,1905.0,8.0,5234.433729,9,10.6,0.0,300.0,5.0,1007.8,0.0,9.8
3,400.0,2016,12,9,1906.0,13.0,13964.993154,15,11.1,0.0,200.0,9.1,1024.2,0.0,4.1
0,25.1344,2016,8,5,0.0,8.0,1320.987757,15,17.0,0.0,270.0,11.6,1023.4,0.0,5.1
0,13.847,2016,11,25,0.0,0.0,5255.429807,1,1.1,0.0,250.0,0.0,1024.8,-1.0,2.1
0,24.83,2016,8,18,0.0,0.0,465.722739,4,32.8,0.0,340.0,20.6,1016.1,0.0,5.1
0,210.1,2016,5,23,1930.0,0.0,15887.156224,3,23.9,2.0,20.0,6.7,1014.3,0.0,4.6
0,102.08,2016,7,18,0.0,0.0,1505.0286,4,30.6,6.0,170.0,24.4,1020.7,0.0,5.1
0,37.53,2016,12,27,0.0,0.0,3174.588413,6,6.1,2.0,0.0,2.2,1022.6,0.0,0.0
1,10.1634,2016,11,27,2007.0,0.0,2671.89028,3,2.2,0.0,270.0,1.1,1020.3,0.0,2.1
0,4771.0,2016,7,7,0.0,0.0,26718.345382,1,25.6,0.0,140.0,15.6,1008.8,0.0,2.6
0,0.0,2016,5,10,1968.0,0.0,2272.035768,12,30.6,4.0,150.0,12.8,1019.6,0.0,4.1
0,138.69,2016,3,6,1944.0,0.0,7785.2714,4,9.4,0.0,280.0,-3.3,1025.2,0.0,4.1
0,50.68,2016,1,10,1970.0,0.0,5782.096914,6,7.2,0.0,160.0,3.3,1020.9,0.0,3.1
3,2988.6,2016,4,30,1969.0,15.0,67999.886335,2,8.1,0.0,350.0,-6.9,1021.3,0.0,2.1
0,225.0,2016,3,3,0.0,0.0,7964.759996,1,-3.3,0.0,130.0,-10.0,1020.5,0.0,1.5
0,187.704,2016,11,4,2002.0,0.0,4935.93639,12,18.9,0.0,0.0,17.2,1018.7,0.0,0.0
1,0.0,2016,10,23,0.0,0.0,1899.308932,1,8.9,0.0,130.0,4.4,1011.8,0.0,3.1
0,31.0,2016,5,27,0.0,0.0,1491.278956,13,20.0,4.0,160.0,19.4,1005.8,3.0,2.6
0,64.0375,2016,5,21,0.0,0.0,2745.004941,11,12.3,7.0,260.0,9.8,1000.5,0.0,7.0
0,108.02,2016,8,4,1935.0,0.0,2906.284549,4,29.4,0.0,100.0,16.1,1020.0,0.0,3.6
0,522.893,2016,12,8,0.0,0.0,35416.574563,1,-5.0,8.0,320.0,-10.6,1030.1,-1.0,8.8
1,595.508,2016,4,30,0.0,0.0,12776.206366,13,22.8,0.0,290.0,22.2,1004.5,203.0,3.6
0,442.263,2016,8,4,0.0,0.0,17851.497256,1,29.4,2.0,180.0,21.7,1011.9,0.0,4.1
0,0.0,2016,1,28,2011.0,0.0,1553.895578,12,18.9,8.0,60.0,17.8,1014.4,10.0,2.6
0,16.11,2016,2,27,1987.0,0.0,14596.269039,6,21.1,0.0,230.0,-3.3,1015.0,0.0,2.1
0,28.25,2016,6,26,0.0,6.0,3895.701499,0,16.7,0.0,170.0,0.6,1017.6,0.0,3.6
0,4.3,2016,3,19,1919.0,6.0,1597.00257,10,6.0,0.0,60.0,2.0,0.0,0.0,7.2
0,373.92,2016,3,15,0.0,0.0,9587.5896,4,8.3,0.0,40.0,6.1,1010.3,0.0,3.1
1,0.0,2016,4,22,0.0,0.0,15101.289747,5,17.2,2.0,220.0,10.0,1014.9,0.0,2.1
0,178.328,2016,10,27,0.0,0.0,11403.471638,5,5.0,0.0,60.0,-2.2,1028.8,-1.0,2.6
0,1038.53,2016,6,3,0.0,9.0,14000.017585,2,19.0,0.0,240.0,15.6,1012.9,0.0,3.6
1,60.4547,2016,5,1,0.0,0.0,8005.172801,13,24.4,0.0,0.0,18.3,1007.5,0.0,1.5
0,126.667,2016,5,7,0.0,5.0,3275.109459,8,21.1,4.0,270.0,5.6,1011.3,0.0,3.6
0,69.95,2016,6,18,0.0,0.0,3972.067765,3,25.6,0.0,320.0,7.8,1023.5,0.0,3.6
0,131.384,2016,8,19,0.0,0.0,6014.818929,5,25.0,0.0,270.0,20.0,1013.8,0.0,2.6
0,7.55,2016,9,4,1930.0,7.0,2137.883836,9,15.6,0.0,210.0,11.1,1010.2,0.0,2.1
0,0.0,2016,3,4,0.0,0.0,18580.6,5,1.1,0.0,40.0,-3.3,1016.4,0.0,6.2
0,82.0,2016,3,12,0.0,0.0,8477.770362,13,22.2,0.0,190.0,12.2,1009.6,0.0,2.6
0,117.777,2016,5,29,0.0,0.0,5628.249546,5,29.4,0.0,240.0,17.2,1016.4,0.0,3.6
0,466.093,2016,6,16,1994.0,12.0,10181.053964,9,18.3,2.0,250.0,7.2,1019.3,0.0,1.5
0,43.2827,2016,2,8,0.0,0.0,2201.986906,5,2.8,0.0,20.0,-2.8,1007.4,0.0,3.1
0,39.929,2016,7,19,0.0,0.0,14150.241736,1,30.0,2.0,190.0,20.0,1019.0,0.0,5.1
0,373.019,2016,11,7,1969.0,0.0,6003.298957,12,25.6,0.0,50.0,11.7,1021.6,0.0,7.2
0,96.73,2016,7,3,0.0,0.0,9801.2665,4,18.3,8.0,180.0,15.0,1020.4,3.0,2.1
0,38.07,2016,3,31,1962.0,0.0,5564.8897,4,12.2,0.0,190.0,3.9,1021.2,0.0,6.2
0,12.73,2016,2,16,1966.0,5.0,815.038019,10,7.0,0.0,190.0,1.0,0.0,0.0,5.1
0,0.0,2016,4,18,2016.0,0.0,840.307635,12,17.2,2.0,360.0,13.9,1024.2,0.0,5.1
2,2589.84,2016,11,17,0.0,0.0,14241.936997,1,12.2,0.0,40.0,5.6,1003.8,0.0,8.2
0,7.08,2016,3,19,2005.0,0.0,1378.587617,4,7.8,8.0,60.0,0.0,1019.4,0.0,5.1
2,1107.15,2016,3,13,0.0,0.0,39822.592241,13,15.6,0.0,190.0,12.8,1009.9,0.0,1.5
0,143.0,2016,7,1,0.0,0.0,16509.606324,13,26.1,0.0,200.0,22.2,1014.3,0.0,1.5
2,1234.38,2016,4,2,0.0,0.0,3085.773145,1,1.1,2.0,280.0,-12.8,1012.0,0.0,7.2
0,30.85,2016,8,19,1963.0,8.0,3081.313801,9,18.9,2.0,300.0,14.4,1010.1,0.0,6.7
2,332.745,2016,8,21,0.0,0.0,3284.492662,5,28.3,0.0,160.0,19.4,1009.7,0.0,5.1
2,125.0,2016,5,1,0.0,0.0,6754.884227,1,13.9,6.0,360.0,2.8,1020.8,0.0,4.6
1,42.9828,2016,4,13,0.0,0.0,21437.088541,1,6.7,0.0,90.0,-4.4,1021.3,0.0,7.2
0,605.021,2016,7,4,2011.0,0.0,730.867901,12,33.9,0.0,0.0,23.3,1020.2,0.0,2.1
0,190.075,2016,4,14,1960.0,0.0,22299.135478,3,-1.1,0.0,320.0,-4.4,1028.8,0.0,1.5
0,32.32,2016,11,13,1964.0,0.0,7271.332004,6,28.9,4.0,0.0,3.3,1016.2,0.0,0.0
0,98.81,2016,9,2,0.0,0.0,7831.7229,6,38.3,4.0,210.0,15.6,1006.5,0.0,2.6
2,4957.55,2016,2,6,0.0,0.0,22068.736038,5,-2.2,0.0,240.0,-7.8,1027.8,0.0,1.5
0,1.48,2016,11,3,0.0,0.0,291.065099,4,27.8,6.0,300.0,13.3,1014.9,0.0,7.7
2,58.5938,2016,11,9,0.0,0.0,6302.446617,1,11.7,2.0,240.0,2.8,1027.2,0.0,3.6
0,89.825,2016,6,23,1967.0,0.0,9811.671636,3,20.6,0.0,340.0,9.4,1012.4,0.0,3.1
1,645.158,2016,8,15,0.0,0.0,7462.433475,7,23.3,0.0,0.0,21.7,1019.8,0.0,0.0
3,731.416,2016,1,28,0.0,0.0,3995.479321,5,3.3,0.0,230.0,-7.2,1013.5,0.0,4.1
0,518.0,2016,8,6,0.0,0.0,52377.039146,13,25.6,0.0,0.0,22.2,1013.8,0.0,1.5
1,83.9472,2016,5,15,0.0,0.0,3780.873391,13,22.2,0.0,0.0,18.3,1015.3,-1.0,1.5
1,12.942,2016,4,17,1989.0,0.0,13386.021658,6,23.3,4.0,150.0,-4.4,1010.7,0.0,3.6
0,141.0,2016,5,14,0.0,0.0,6604.288464,5,22.8,0.0,230.0,9.4,1005.2,0.0,5.1
2,143.35,2016,6,19,0.0,0.0,25621.997079,13,32.8,2.0,0.0,22.2,1016.3,0.0,2.6
1,155.972,2016,3,23,1968.0,0.0,9181.510587,6,16.7,0.0,350.0,-11.7,1012.1,0.0,6.2
0,49.0,2016,8,18,0.0,0.0,2321.831776,13,29.4,0.0,170.0,23.9,1016.4,0.0,2.1
3,2.9307,2016,12,13,1950.0,0.0,4106.591309,6,20.6,0.0,0.0,4.8,0.0,0.0,0.0
2,36.6,2016,10,14,0.0,0.0,5117.747561,13,21.7,0.0,0.0,21.7,1020.5,0.0,0.0
1,29.6447,2016,5,8,1902.0,0.0,4541.191543,3,10.6,0.0,220.0,8.9,1001.3,0.0,3.1
2,1375.0,2016,6,8,0.0,0.0,24355.078868,1,16.1,4.0,0.0,8.3,1013.6,0.0,0.0
3,0.0,2016,4,14,1967.0,0.0,4587.921752,6,29.4,0.0,260.0,3.3,1007.5,0.0,5.1
1,371.702,2016,7,11,0.0,0.0,2181.455343,5,16.7,0.0,330.0,13.3,1017.1,0.0,2.1
2,61.0,2016,11,4,0.0,0.0,5054.387715,13,20.6,0.0,20.0,18.9,1024.6,0.0,2.1
0,224.0,2016,7,19,0.0,0.0,8101.1416,5,22.8,4.0,290.0,20.6,1016.2,-1.0,1.5
0,52.0,2016,2,16,0.0,0.0,4723.745938,13,9.4,0.0,0.0,4.4,1015.4,0.0,0.0
0,33.2373,2016,12,3,1986.0,0.0,1015.615596,12,13.3,0.0,350.0,8.3,1021.0,0.0,3.1
1,0.0,2016,11,17,0.0,0.0,4420.138934,1,10.6,0.0,140.0,5.0,1003.8,0.0,4.6
0,16.6,2016,11,10,1976.0,6.0,1187.021631,10,11.0,0.0,290.0,6.0,0.0,0.0,9.3
3,136.971,2016,11,27,0.0,0.0,5117.747561,13,16.1,0.0,0.0,10.6,1020.2,0.0,2.6
0,146.16899999999995,2016,3,20,1964.0,15.0,20664.785902,9,12.2,0.0,100.0,10.0,1017.5,0.0,3.1
1,641.0,2016,7,11,0.0,0.0,6038.695,5,19.4,0.0,330.0,13.9,1015.4,0.0,3.6
0,1.7498,2016,6,30,1910.0,8.0,722.878243,9,13.9,0.0,0.0,10.0,1014.2,0.0,0.0
1,11.5964,2016,1,4,1932.0,0.0,14672.449499,3,0.0,0.0,0.0,0.0,0.0,0.0,0.0
0,0.0,2016,2,1,1999.0,0.0,5499.8576,12,25.6,4.0,0.0,15.6,1016.7,0.0,1.5
0,188.0,2016,3,29,0.0,0.0,6484.536497,13,16.7,0.0,0.0,12.2,1014.6,0.0,0.0
2,256.2,2016,8,25,0.0,0.0,24355.636286,13,31.1,0.0,0.0,22.8,1014.1,0.0,0.0
0,9.09,2016,4,14,0.0,0.0,24153.758067,1,23.3,2.0,180.0,6.7,1014.8,0.0,7.2
0,38.7,2016,7,3,1900.0,10.0,3559.950057,15,15.5,0.0,260.0,10.2,1018.3,0.0,3.1
0,166.25,2016,1,6,0.0,6.0,17357.99652,0,2.8,0.0,120.0,0.0,1009.0,0.0,2.1
0,25.98,2016,6,14,0.0,0.0,303.514101,4,22.2,0.0,330.0,11.1,1012.5,0.0,5.1
0,59.94,2016,8,31,0.0,0.0,1524.631133,6,37.2,4.0,110.0,12.2,1005.7,0.0,5.1
1,284.935,2016,10,2,0.0,0.0,7028.11195,6,23.3,4.0,110.0,9.4,1011.0,0.0,3.6
0,7.64,2016,10,17,1920.0,8.0,1350.995426,9,17.2,2.0,250.0,13.3,1012.3,0.0,6.2
0,5.62,2016,1,23,1918.0,0.0,1591.614196,6,22.2,0.0,0.0,-6.7,1011.5,0.0,2.1
1,0.0,2016,6,25,0.0,0.0,6582.363356,1,27.2,2.0,160.0,17.2,1013.4,0.0,4.1
0,19.44,2016,10,27,0.0,0.0,750.563337,13,30.6,0.0,110.0,17.2,1020.4,0.0,3.1
1,812.252,2016,1,13,0.0,0.0,24355.636286,13,16.7,0.0,0.0,5.6,1023.2,0.0,3.1
0,0.21,2016,12,7,0.0,0.0,2590.971767,11,13.2,8.0,150.0,10.9,1017.1,0.0,6.0
0,37.0667,2016,4,27,0.0,0.0,3044.059698,7,18.9,0.0,30.0,14.4,1010.1,0.0,6.2
0,24.18,2016,4,22,1935.0,0.0,3051.027423,6,21.1,4.0,90.0,0.6,1008.8,0.0,4.6
1,521.373,2016,6,6,0.0,0.0,18546.040084,13,22.8,0.0,0.0,14.4,1011.8,0.0,0.0
0,739.52,2016,12,15,0.0,0.0,50664.743953,1,-20.6,2.0,270.0,-25.0,1033.4,0.0,2.6
1,1.7919999999999998,2016,12,8,1975.0,0.0,6131.505097,3,0.6,0.0,0.0,-5.0,1014.5,0.0,1.5
0,54.85,2016,5,27,1951.0,0.0,8696.464024,3,16.1,0.0,150.0,14.4,1016.4,0.0,1.5
0,3.5,2016,4,4,0.0,0.0,6021.04343,1,3.3,2.0,0.0,-8.3,1026.6,0.0,2.1
0,143.0,2016,5,30,0.0,0.0,44779.153097,13,27.2,0.0,170.0,18.9,1015.3,0.0,3.1
1,83.9664,2016,7,6,0.0,0.0,1561.234915,1,30.0,2.0,0.0,12.8,1009.2,0.0,3.1
1,33.8673,2016,2,8,1970.0,0.0,2335.488517,6,13.9,0.0,0.0,-1.7,1020.2,0.0,0.0
0,175.49900000000005,2016,9,27,0.0,0.0,26702.087357,5,18.3,4.0,280.0,15.6,1014.0,0.0,2.1
1,0.0,2016,1,18,1979.0,17.0,70999.910011,2,-7.4,0.0,70.0,-9.8,1005.7,0.0,4.1
2,0.0,2016,4,2,0.0,0.0,26212.767256,13,22.2,0.0,0.0,3.9,1023.4,0.0,0.0
0,163.71,2016,3,26,0.0,0.0,537.258049,4,9.4,0.0,330.0,0.6,1019.8,0.0,7.7
0,2707.0,2016,3,24,0.0,0.0,26718.345382,1,7.2,0.0,350.0,-10.0,1011.6,0.0,6.2
0,131.0,2016,2,29,0.0,0.0,7705.281917,13,18.9,0.0,0.0,16.1,1019.6,0.0,1.5
0,29.1667,2016,11,3,0.0,5.0,458.383402,8,25.0,0.0,40.0,18.3,1021.9,-1.0,5.7
0,118.794,2016,6,9,0.0,5.0,1540.703352,8,23.9,0.0,0.0,22.2,1014.2,-1.0,0.0
0,69.47,2016,5,25,0.0,0.0,13378.032,4,17.2,0.0,180.0,13.9,1018.3,0.0,3.1
2,106.75,2016,11,20,0.0,0.0,4864.122371,13,8.3,0.0,0.0,2.2,1031.1,0.0,0.0
3,382.079,2016,12,5,0.0,0.0,3995.479321,5,8.3,0.0,340.0,0.6,1015.3,0.0,5.1
2,47.6912,2016,4,2,1912.0,0.0,2918.547745,3,7.2,0.0,310.0,2.8,997.9,0.0,4.1
1,263.518,2016,1,23,0.0,0.0,24355.636286,13,2.8,0.0,0.0,-1.7,1027.3,0.0,0.0
0,0.31,2016,10,20,1929.0,7.0,389.170667,9,11.7,2.0,40.0,8.3,1020.5,0.0,1.5
0,30.5,2016,7,1,1966.0,7.0,10133.023113,10,13.0,0.0,270.0,9.0,0.0,0.0,8.2
0,5.9,2016,4,5,1966.0,5.0,3211.006389,10,11.0,0.0,260.0,7.0,0.0,0.0,6.2
3,22.686,2016,12,5,0.0,6.0,2147.174136,0,-1.1,0.0,360.0,-14.4,1014.3,0.0,4.6
3,100.0,2016,5,28,2007.0,11.0,8468.015546999999,15,18.6,0.0,40.0,10.0,1013.5,0.0,3.6
0,401.925,2016,2,3,1981.0,0.0,4952.008609,3,11.1,0.0,180.0,8.3,1005.9,0.0,5.7
0,281.761,2016,10,14,2002.0,0.0,3866.344151,12,27.2,0.0,50.0,20.0,1021.1,-1.0,5.1
0,423.057,2016,5,12,0.0,0.0,14150.241736,1,12.2,4.0,300.0,11.1,1015.6,0.0,1.5
0,26.0,2016,2,19,1966.0,6.0,12731.984538,10,4.0,0.0,250.0,3.0,0.0,0.0,2.6
1,1463.71,2016,7,26,2003.0,0.0,26286.532238,6,35.6,0.0,320.0,12.8,1006.9,0.0,6.2
0,861.0,2016,1,21,0.0,0.0,69275.072913,13,11.1,0.0,0.0,10.0,0.0,-1.0,0.0
0,75.18,2016,3,4,1968.0,0.0,12244.336691,6,22.8,0.0,0.0,-2.8,1012.5,0.0,0.0
1,1564.52,2016,3,1,0.0,0.0,23876.071,7,10.6,0.0,210.0,-6.1,1017.2,0.0,1.5
0,25.207,2016,12,14,0.0,0.0,980.962777,1,-13.9,0.0,240.0,-18.9,1019.5,0.0,4.1
2,0.0,2016,10,25,0.0,0.0,7212.245696,13,20.6,0.0,0.0,17.2,1021.9,0.0,2.1
2,2208.0,2016,10,28,0.0,0.0,30925.922252,1,11.1,0.0,160.0,8.3,1008.6,0.0,5.7
1,955.177,2016,9,5,1989.0,0.0,23668.525698,6,38.3,0.0,0.0,0.0,1001.4,0.0,0.0
0,1691.72,2016,11,10,1996.0,0.0,15027.524765,12,17.8,0.0,350.0,16.1,1018.8,0.0,2.1
0,284.218,2016,10,1,2002.0,0.0,3969.838093,12,22.8,2.0,120.0,21.7,1016.3,0.0,2.6
0,0.21,2016,9,4,1910.0,8.0,371.612,9,18.3,2.0,280.0,12.2,1011.7,0.0,2.6
0,158.82,2016,5,25,1966.0,0.0,32129.294811,6,30.6,0.0,280.0,-1.1,1008.5,0.0,6.7
0,0.0,2016,2,11,1968.0,0.0,2272.035768,12,3.3,2.0,0.0,0.6,1026.9,0.0,0.0
0,145.23,2016,11,25,1940.0,0.0,25204.5839,4,8.3,0.0,60.0,5.0,1025.1,0.0,1.5
1,236.649,2016,7,9,1914.0,0.0,4559.493434,6,38.3,2.0,0.0,6.1,1012.1,0.0,0.0
0,103.0,2016,12,12,0.0,0.0,7796.326857,1,-17.8,4.0,240.0,-21.1,0.0,0.0,4.6
0,13.0,2016,5,21,0.0,0.0,3234.789557,13,26.7,0.0,110.0,22.2,1015.4,0.0,2.1
1,0.0,2016,2,18,1907.0,0.0,400.783542,6,15.6,0.0,80.0,1.1,1009.6,0.0,3.6
0,608.0,2016,7,22,1968.0,0.0,10360.356754,3,32.8,0.0,310.0,20.0,1010.9,0.0,6.7
0,38.1667,2016,3,21,0.0,0.0,4367.091321,7,3.3,0.0,0.0,-0.6,1013.6,0.0,0.0
0,17.87,2016,2,21,0.0,0.0,2173.186976,6,23.9,0.0,0.0,-1.1,1013.6,0.0,0.0
0,28.9279,2016,6,9,0.0,5.0,2567.83892,8,23.9,4.0,0.0,22.2,1013.6,0.0,0.0
2,46.875,2016,8,2,0.0,0.0,12876.541606,1,23.3,0.0,150.0,21.1,1015.2,0.0,2.1
0,85.53,2016,2,2,2001.0,0.0,5582.169658,6,3.9,2.0,260.0,-3.3,1018.9,0.0,2.6
0,147.257,2016,5,13,0.0,0.0,2590.971767,11,10.9,6.0,50.0,6.8,1017.2,0.0,5.0
0,310.022,2016,2,28,0.0,0.0,4696.432456,1,3.9,0.0,0.0,1.7,996.0,0.0,0.0
1,427.9980000000001,2016,11,15,0.0,0.0,5782.468526,5,13.3,0.0,350.0,6.7,1007.5,0.0,5.1
0,69.5,2016,12,21,1998.0,12.0,4606.966867,15,10.2,0.0,200.0,8.2,1021.4,0.0,3.6
0,1008.0,2016,12,12,2009.0,15.0,14372.651518,9,13.3,0.0,110.0,6.7,1022.0,0.0,1.5
0,58.7002,2016,7,8,2007.0,0.0,36012.733114,12,36.1,4.0,0.0,20.0,1017.4,0.0,2.6
0,13.5,2016,11,6,1956.0,12.0,2937.035442,15,5.4,0.0,340.0,3.0,1007.2,0.0,4.1
0,54.593,2016,7,1,0.0,0.0,8099.933860999999,1,23.3,4.0,350.0,7.8,1020.4,0.0,2.6
2,51.85,2016,4,12,0.0,0.0,3546.386219,13,21.1,0.0,0.0,16.7,1016.4,0.0,2.1
0,119.675,2016,11,2,2000.0,0.0,10345.67808,3,10.0,4.0,170.0,6.1,1022.9,0.0,5.1
0,544.0,2016,1,10,0.0,0.0,16890.229915,13,0.6,0.0,340.0,-3.9,1026.6,0.0,2.1
0,167.0,2016,7,7,0.0,0.0,20071.69315,13,30.6,0.0,160.0,20.0,1011.6,0.0,4.1
0,33.3,2016,8,15,1953.0,0.0,3673.198814,3,23.9,0.0,0.0,18.9,1022.4,0.0,0.0
0,792.243,2016,8,28,0.0,0.0,23175.303671,1,28.9,2.0,190.0,18.9,1018.5,0.0,4.6
3,0.0,2016,7,23,1958.0,17.0,12976.969749,15,21.0,0.0,210.0,13.6,1020.2,0.0,5.1
3,1993.23,2016,1,15,0.0,0.0,22990.798313,5,1.1,0.0,90.0,-3.3,1012.2,0.0,1.5
3,0.0,2016,10,2,1956.0,0.0,8019.665669,6,25.0,0.0,50.0,18.9,1011.8,18.0,3.1
2,1276.52,2016,11,17,1975.0,0.0,6100.289689,3,6.7,0.0,300.0,5.6,1017.9,0.0,5.1
2,57.95,2016,8,6,0.0,0.0,21365.181619,13,34.4,0.0,130.0,21.7,1011.0,0.0,2.6
0,38.5,2016,11,15,1960.0,13.0,5245.953701,15,13.4,0.0,210.0,12.3,1026.1,0.0,3.1
0,99.926,2016,7,1,0.0,0.0,14592.27421,1,18.3,2.0,40.0,11.1,1017.6,0.0,5.7
0,37.75,2016,2,9,1958.0,8.0,2801.95448,9,19.4,0.0,140.0,6.1,1021.5,0.0,2.1
1,207.982,2016,4,4,0.0,0.0,6507.111926,7,21.7,0.0,320.0,3.9,1007.4,0.0,8.2
0,11.6667,2016,8,27,0.0,5.0,527.68904,8,26.1,0.0,20.0,22.8,1014.3,0.0,3.1
0,31.7015,2016,12,1,1986.0,0.0,375.142314,12,28.9,6.0,210.0,19.4,1014.3,0.0,6.2
0,446.4,2016,5,8,1955.0,12.0,6099.732271,15,26.2,0.0,130.0,9.0,1006.5,0.0,6.7
0,23.0,2016,3,8,0.0,0.0,2217.687513,5,20.6,0.0,210.0,0.6,1018.0,0.0,1.5
1,53.3154,2016,3,2,0.0,0.0,5054.387715,13,11.7,0.0,0.0,1.1,1022.5,0.0,0.0
0,67.54,2016,9,19,0.0,0.0,2287.086054,4,22.8,0.0,130.0,22.2,1016.8,43.0,4.1
0,1.5,2016,11,8,0.0,5.0,274.621268,8,16.1,0.0,20.0,13.9,1021.1,0.0,3.1
1,77.3857,2016,8,13,0.0,0.0,8094.731293,1,19.4,4.0,0.0,18.3,1011.3,0.0,0.0
1,31.6517,2016,5,3,0.0,0.0,2418.543799,13,12.8,0.0,0.0,10.0,1019.8,0.0,0.0
0,1489.54,2016,3,24,0.0,9.0,14000.017585,2,-2.5,0.0,80.0,-11.5,1024.1,0.0,5.7
0,178.567,2016,7,17,0.0,0.0,3343.57897,7,31.7,0.0,190.0,19.4,1020.3,0.0,4.1
0,116.542,2016,9,6,0.0,5.0,1549.807846,8,23.3,0.0,30.0,20.0,1019.7,0.0,4.1
2,320.312,2016,9,19,0.0,0.0,5423.398431,1,22.2,4.0,230.0,14.4,1008.5,0.0,5.7
0,365.0,2016,10,29,0.0,0.0,21733.449111,13,18.3,0.0,0.0,16.7,1020.1,0.0,0.0
3,100.0,2016,6,5,0.0,8.0,1320.987757,15,12.1,0.0,20.0,11.5,1020.4,0.0,3.1
0,19.2,2016,9,21,0.0,0.0,750.563337,13,28.3,0.0,140.0,22.2,1016.0,0.0,2.1
0,20.179,2016,2,20,0.0,0.0,4931.012531,1,2.8,0.0,260.0,0.0,1012.7,0.0,5.7
0,154.194,2016,6,29,0.0,0.0,5931.577841,1,21.1,2.0,110.0,10.6,1019.9,0.0,4.1
0,106.5,2016,4,7,0.0,0.0,7785.2714,4,17.8,0.0,230.0,3.9,996.8,0.0,7.2
0,5.11,2016,1,15,0.0,0.0,713.030525,4,5.6,0.0,210.0,-1.1,1014.2,0.0,1.5
0,1.1667,2016,7,13,0.0,5.0,593.835976,8,26.7,0.0,0.0,21.7,1021.0,-1.0,0.0
0,519.23,2016,8,18,2009.0,0.0,51394.86863,6,32.8,6.0,40.0,13.9,1010.3,0.0,3.6
0,4.0,2016,11,1,0.0,0.0,6185.946255,1,12.8,8.0,180.0,10.6,1003.5,0.0,5.1
0,129.28,2016,9,9,0.0,0.0,6169.130812,4,33.9,0.0,260.0,19.4,1014.3,0.0,1.5
0,9.425,2016,7,2,0.0,0.0,3115.03759,11,8.8,3.0,240.0,6.6,1007.6,0.0,8.0
0,40.8864,2016,7,4,0.0,0.0,3675.056874,7,18.9,0.0,200.0,17.2,1018.8,0.0,2.1
1,2976.0,2016,8,20,0.0,0.0,6491.690028,5,26.7,0.0,100.0,21.1,1012.9,0.0,4.6
1,0.0,2016,1,30,0.0,0.0,7646.102706,1,-0.6,0.0,210.0,-2.8,1000.8,0.0,2.6
3,288.983,2016,8,1,0.0,0.0,10606.363898,5,22.8,0.0,80.0,20.0,1017.3,0.0,3.6
2,167.75,2016,7,26,0.0,0.0,12776.206366,13,33.3,4.0,0.0,21.7,1011.6,0.0,0.0
1,198.422,2016,10,24,0.0,0.0,820.890908,5,15.0,0.0,300.0,-0.6,1015.8,0.0,4.1
0,386.39,2016,8,28,2005.0,0.0,17043.98438,6,25.6,2.0,140.0,11.7,1011.9,0.0,2.6
0,37.0,2016,7,7,0.0,0.0,2272.686089,13,26.1,0.0,190.0,23.3,1012.7,0.0,3.6
0,0.0,2016,4,9,1968.0,0.0,2272.035768,12,18.9,0.0,270.0,13.3,1016.1,0.0,3.6
0,73.87,2016,11,29,2011.0,0.0,1994.813216,4,14.4,0.0,0.0,13.9,1009.4,-1.0,0.0
1,527.844,2016,8,15,0.0,0.0,22083.228906,13,22.8,0.0,0.0,22.2,1015.9,33.0,1.5
0,22.0417,2016,9,5,0.0,5.0,2567.83892,8,23.3,0.0,360.0,23.3,1018.7,0.0,1.5
0,149.161,2016,11,4,0.0,0.0,3447.351621,1,5.6,0.0,0.0,3.3,1028.7,0.0,0.0
1,50.713,2016,3,6,0.0,0.0,1892.619916,13,16.1,0.0,0.0,14.4,1021.0,0.0,2.1
0,23.0,2016,11,6,0.0,0.0,2321.831776,13,22.8,0.0,330.0,18.9,0.0,0.0,3.6
0,45.6,2016,2,10,0.0,9.0,5960.006159,10,5.0,0.0,290.0,3.0,0.0,0.0,11.3
0,487.0,2016,2,11,0.0,0.0,37324.058959,7,-5.6,2.0,280.0,-16.7,1016.0,0.0,3.6
1,42.6242,2016,12,20,0.0,0.0,7212.245696,13,2.2,0.0,0.0,-5.0,1034.7,0.0,0.0
0,118.6,2016,4,17,0.0,0.0,2837.536329,6,21.7,2.0,60.0,-2.8,1014.5,0.0,5.1
3,0.0,2016,11,18,0.0,0.0,4781.810313,5,20.6,0.0,310.0,0.6,1017.0,0.0,1.5
1,386.959,2016,9,24,0.0,0.0,7954.633569,13,30.6,2.0,130.0,22.2,1012.0,0.0,4.6
1,223.24400000000003,2016,10,21,0.0,0.0,13306.310884,1,5.6,0.0,220.0,-1.1,1025.0,0.0,2.6
0,61.0,2016,7,25,0.0,0.0,9670.180367,5,26.1,0.0,180.0,18.3,1013.0,0.0,2.1
1,463.978,2016,10,7,0.0,0.0,20255.083672,13,28.3,2.0,0.0,21.1,1017.7,0.0,3.1
1,573.352,2016,8,3,0.0,0.0,9654.851372,13,33.3,0.0,0.0,22.8,1016.7,0.0,2.6
0,8.5,2016,8,2,1923.0,8.0,1716.290022,9,15.6,0.0,0.0,12.8,1016.7,0.0,1.5
0,1213.88,2016,3,20,0.0,0.0,62385.014821,1,-1.7,2.0,0.0,-5.0,1026.8,0.0,0.0
3,4.3312,2016,5,8,0.0,0.0,10746.647428,5,10.0,9.0,190.0,9.4,1006.2,0.0,3.1
0,480.0,2016,3,27,0.0,0.0,1161.2875,5,5.0,0.0,110.0,1.7,1027.7,0.0,1.5
1,551.87,2016,8,3,1912.0,0.0,5583.4703,3,17.8,0.0,130.0,16.1,1020.5,0.0,1.5
1,759.696,2016,11,8,0.0,0.0,31275.79495,1,14.4,0.0,250.0,7.8,1021.0,0.0,3.6
0,213.22,2016,8,11,2013.0,0.0,21832.205,4,28.3,8.0,190.0,23.3,1021.1,0.0,4.6
2,227.361,2016,4,26,0.0,0.0,25900.891885,7,23.9,0.0,190.0,11.1,1009.9,0.0,7.2
0,707.648,2016,7,27,0.0,0.0,50664.743953,1,26.1,0.0,140.0,20.0,1013.6,0.0,2.1
2,1039.45,2016,2,28,0.0,0.0,5782.468526,5,3.3,0.0,240.0,-4.4,1015.8,0.0,3.1
3,0.0,2016,4,10,0.0,0.0,8892.396451,6,22.8,0.0,270.0,2.2,1007.3,0.0,5.1
1,365.893,2016,2,24,0.0,0.0,22263.089114,13,17.8,0.0,310.0,-3.3,1021.6,0.0,4.1
1,64.6749,2016,11,19,1991.0,0.0,12236.25413,6,16.7,0.0,0.0,-8.3,1018.5,0.0,0.0
0,9.54,2016,8,4,0.0,5.0,2639.002618,11,14.6,7.0,260.0,11.9,1002.9,0.0,9.0
2,5250.0,2016,8,3,0.0,0.0,11042.264774,1,26.7,2.0,120.0,22.2,1016.9,0.0,2.6
0,1082.76,2016,12,29,1976.0,0.0,42888.391241,4,3.9,8.0,200.0,2.2,1014.7,-1.0,3.1
0,0.0,2016,2,17,1970.0,0.0,9896.306269,12,15.0,0.0,290.0,10.0,1016.0,0.0,4.6
0,195.533,2016,8,14,1982.0,0.0,3100.17311,12,27.2,0.0,340.0,24.4,1017.8,-1.0,2.6
0,107.5,2016,9,11,1976.0,6.0,4391.989325,10,18.0,0.0,180.0,11.0,0.0,0.0,5.1
0,379.68,2016,6,13,0.0,0.0,3195.8632,4,20.6,6.0,320.0,5.6,1012.7,0.0,5.7
1,0.0,2016,11,27,0.0,0.0,9493.850473,1,2.2,4.0,0.0,0.6,1016.5,0.0,0.0
1,381.789,2016,7,29,0.0,0.0,7954.633569,13,34.4,2.0,0.0,22.8,1014.8,0.0,2.6
0,17.0,2016,4,23,0.0,0.0,3229.122474,13,26.7,0.0,110.0,11.1,1013.7,0.0,3.6
2,1191.41,2016,12,27,0.0,0.0,12033.911396,1,-7.8,0.0,290.0,-11.7,1020.9,-1.0,3.6
3,58.6142,2016,3,18,2007.0,0.0,5885.219244,6,15.0,0.0,90.0,-3.9,1008.5,0.0,3.1
2,834.574,2016,12,20,0.0,0.0,8686.4305,7,-5.0,0.0,350.0,-9.4,1035.6,0.0,1.5
1,2493.16,2016,3,25,0.0,0.0,22990.798313,5,17.2,0.0,330.0,3.3,1009.9,0.0,5.7
0,0.0,2016,5,20,1995.0,23.0,26999.934375,2,10.1,0.0,200.0,7.1,1022.5,0.0,0.5
3,0.0,2016,9,19,1991.0,0.0,12236.25413,6,26.7,0.0,90.0,1.1,1010.3,0.0,3.1
0,447.542,2016,2,15,0.0,5.0,8573.832064,8,20.0,0.0,120.0,12.2,1020.7,0.0,6.7
3,2.9307,2016,11,24,1914.0,0.0,4559.493434,6,21.1,4.0,240.0,3.3,1015.4,0.0,2.6
2,3320.31,2016,4,4,0.0,0.0,9770.329801,1,3.3,2.0,0.0,-8.3,1026.6,0.0,2.1
2,10343.8,2016,5,13,0.0,0.0,26718.345382,1,8.9,0.0,300.0,1.1,1016.0,0.0,9.3
0,16.477,2016,11,26,0.0,0.0,6837.382091,1,0.6,0.0,140.0,-1.1,1025.8,0.0,2.1
2,324.226,2016,4,18,0.0,0.0,3675.056874,7,13.9,0.0,0.0,2.8,1026.4,0.0,0.0
0,256.643,2016,11,25,1974.0,0.0,7799.857171,12,19.4,6.0,0.0,16.7,1023.4,0.0,0.0
0,0.0,2016,2,21,0.0,0.0,5183.9874,11,10.8,8.0,240.0,10.2,1002.8,0.0,12.0
2,696.7610000000002,2016,4,2,1956.0,0.0,6381.785779,3,4.4,0.0,220.0,0.6,1002.7,0.0,2.1
0,31.19,2016,5,21,1967.0,0.0,4587.921752,6,36.1,2.0,210.0,-1.7,1002.0,0.0,8.2
1,282.368,2016,10,23,0.0,0.0,13014.967076,6,29.4,0.0,0.0,6.1,1009.4,0.0,0.0
0,17.0,2016,1,7,0.0,0.0,3229.122474,13,11.1,0.0,0.0,10.6,1015.1,-1.0,0.0
1,1119.66,2016,6,19,0.0,0.0,20071.69315,13,27.8,0.0,0.0,22.2,1016.3,0.0,2.1
0,239.0,2016,3,22,0.0,0.0,9670.180367,5,9.4,0.0,270.0,-7.2,1021.6,0.0,5.7
3,6.2237,2016,2,24,0.0,6.0,6913.84126,0,-3.3,0.0,180.0,-7.2,1027.9,0.0,2.6
0,11.32,2016,10,7,0.0,0.0,1466.566758,6,19.4,2.0,0.0,5.0,1012.2,0.0,0.0
0,276.8,2016,11,23,1964.0,0.0,13293.768979,6,21.1,2.0,0.0,4.4,1017.5,0.0,1.5
1,0.0,2016,12,9,1964.0,10.0,14000.017585,2,-5.1,0.0,310.0,-9.6,1019.9,0.0,6.7
0,105.55,2016,7,25,0.0,0.0,14592.27421,1,25.0,2.0,290.0,17.2,1013.1,0.0,3.6
2,1234.38,2016,10,18,0.0,0.0,9770.329801,1,11.7,0.0,260.0,10.6,1001.6,0.0,1.5
0,78.325,2016,1,29,1947.0,0.0,8173.327231,3,0.0,0.0,170.0,-5.6,999.2,0.0,2.1
0,231.551,2016,12,8,0.0,0.0,18212.982829,1,-5.0,8.0,320.0,-10.6,1030.1,-1.0,8.8
2,248.584,2016,7,8,1975.0,0.0,6131.505097,3,28.9,4.0,320.0,19.4,1008.2,0.0,4.1
0,306.128,2016,8,17,1969.0,0.0,6003.298957,12,25.0,2.0,60.0,23.9,1021.4,0.0,2.1
2,210.93,2016,8,2,0.0,0.0,1994.534507,5,25.0,0.0,90.0,18.3,1018.4,0.0,4.6
0,92.075,2016,11,17,1962.0,0.0,4364.675843,3,7.8,0.0,290.0,6.7,1013.9,0.0,4.1
1,265.18,2016,6,9,0.0,0.0,4276.975411,5,16.1,0.0,320.0,5.0,1011.9,0.0,6.2
3,271.373,2016,12,24,0.0,0.0,6320.19109,14,3.2,0.0,280.0,0.7,1013.0,0.0,3.6
0,25.75,2016,11,21,1999.0,6.0,3235.346975,9,8.3,0.0,0.0,8.3,1014.5,0.0,0.0
0,178.648,2016,10,23,0.0,0.0,1561.234915,1,8.9,0.0,120.0,5.0,1013.2,0.0,1.5
0,21.7737,2016,12,21,2016.0,0.0,209.96078,12,17.8,0.0,10.0,13.9,1024.4,0.0,5.1
0,13.05,2016,5,15,0.0,0.0,857.123078,4,11.7,0.0,290.0,-2.2,1015.4,0.0,10.3
0,2.64,2016,1,1,0.0,0.0,750.563337,13,7.2,0.0,360.0,0.6,1032.2,0.0,2.6
1,234.457,2016,6,28,0.0,5.0,16116.719537,0,24.4,0.0,0.0,4.4,1013.9,0.0,0.0
0,118.13,2016,8,20,0.0,0.0,6635.225163,6,28.3,0.0,150.0,15.6,1010.0,0.0,3.1
0,697.893,2016,4,23,0.0,0.0,18064.152223,5,18.3,0.0,350.0,11.7,1010.1,-1.0,7.2
0,113.75,2016,10,1,1953.0,9.0,5261.747211,9,10.0,2.0,40.0,8.9,1020.5,0.0,2.1
3,79.4176,2016,10,5,0.0,0.0,3307.811315,5,13.3,0.0,40.0,10.6,1025.7,0.0,1.5
1,123.688,2016,12,6,0.0,0.0,10370.111569,13,12.2,0.0,320.0,8.9,1012.3,0.0,4.6
0,7.82,2016,3,19,0.0,0.0,2787.09,4,7.2,0.0,50.0,0.0,1020.4,0.0,5.1
0,291.112,2016,10,29,2000.0,0.0,9232.70014,12,24.4,0.0,60.0,17.8,1019.2,0.0,3.6
0,4.2,2016,6,18,0.0,0.0,1938.328192,1,30.6,0.0,340.0,17.2,1020.2,0.0,3.1
1,429.328,2016,6,21,0.0,0.0,3592.651913,7,25.0,0.0,210.0,17.8,1014.1,0.0,2.1
1,0.0,2016,11,30,0.0,0.0,12239.505735,1,2.2,0.0,290.0,0.6,997.6,0.0,2.1
1,46.2817,2016,5,30,0.0,0.0,2766.465534,6,27.8,0.0,280.0,-6.1,1008.9,0.0,3.6
0,53.67,2016,11,28,1942.0,0.0,7748.1102,4,3.3,0.0,0.0,-0.6,1023.1,0.0,0.0
2,303.26,2016,10,24,0.0,0.0,1994.534507,5,10.6,0.0,280.0,6.1,1011.5,0.0,2.1
3,0.0,2016,12,5,1992.0,0.0,12311.319754,6,18.3,0.0,0.0,-5.0,1010.8,0.0,0.0
0,0.0,2016,8,30,0.0,0.0,6484.536497,13,23.9,0.0,0.0,22.2,1015.7,0.0,0.0
0,168.48,2016,3,3,0.0,0.0,7785.2714,4,0.0,0.0,340.0,-10.6,1023.3,0.0,3.6
0,28.61,2016,1,28,1940.0,0.0,3382.226618,6,9.4,0.0,120.0,-3.3,1022.8,0.0,2.6
0,25.25,2016,9,17,0.0,6.0,3895.701499,0,20.6,0.0,210.0,4.4,1019.4,0.0,4.6
0,66.24,2016,4,27,0.0,0.0,3716.12,4,16.7,8.0,30.0,13.9,1009.2,0.0,6.2
0,382.58,2016,5,21,0.0,0.0,3195.8632,4,17.2,0.0,180.0,10.6,1020.8,0.0,2.6
3,27.2646,2016,6,27,0.0,0.0,4008.114129,5,24.4,0.0,180.0,10.0,1019.0,0.0,4.1
2,667.95,2016,1,7,0.0,0.0,36560.11759,13,11.1,0.0,0.0,10.6,1015.0,0.0,0.0
1,0.0,2016,5,24,0.0,0.0,28356.225272,13,29.4,0.0,170.0,23.3,1012.5,0.0,3.1
3,0.0,2016,5,28,0.0,0.0,4675.529281,5,27.8,0.0,240.0,19.4,1020.0,0.0,2.6
0,116.667,2016,9,28,0.0,5.0,5574.18,8,29.4,0.0,310.0,20.6,1014.8,0.0,2.1
1,2237.15,2016,11,6,2010.0,0.0,7519.754626,12,24.4,0.0,40.0,16.7,1022.3,0.0,3.1
0,22.22,2016,3,20,1960.0,0.0,5304.7613,4,3.9,0.0,360.0,1.1,1018.0,0.0,1.5
0,145.33,2016,11,11,0.0,0.0,8339.90231,6,21.7,2.0,100.0,3.9,1017.7,0.0,3.1
2,1404.3,2016,6,15,0.0,0.0,10757.052564,1,17.8,2.0,160.0,16.7,1005.0,0.0,3.6
1,161.564,2016,7,26,1904.0,0.0,11546.820967,3,25.0,4.0,270.0,17.2,1015.5,0.0,5.1
0,56.9,2016,9,16,1976.0,7.0,4031.9902,10,13.0,0.0,300.0,11.0,0.0,0.0,5.1
0,15.13,2016,12,9,0.0,0.0,1645.219227,4,1.7,0.0,290.0,-8.9,1027.2,0.0,7.2
2,774.122,2016,1,15,0.0,0.0,5320.926422,5,-2.8,0.0,0.0,-5.6,1013.3,0.0,0.0
0,106.33,2016,9,6,1971.0,0.0,16645.151801,6,26.7,0.0,80.0,3.3,1006.3,0.0,3.6
0,130.9,2016,7,14,1957.0,0.0,12731.42712,6,33.9,0.0,340.0,10.0,1009.5,0.0,3.1
0,61.6,2016,3,25,1917.0,9.0,15469.650142,9,12.8,0.0,190.0,10.0,1019.5,0.0,3.6
0,108.0,2016,12,12,1942.0,9.0,4945.598302,9,11.1,0.0,0.0,7.8,1021.0,0.0,0.0
0,383.599,2016,7,14,2013.0,0.0,8012.88375,12,26.1,0.0,130.0,21.7,1018.2,-1.0,4.1
0,0.0,2016,2,11,2016.0,0.0,4919.864171,12,4.4,0.0,260.0,0.0,1024.4,0.0,1.5
0,83.97,2016,2,2,1940.0,0.0,25204.5839,4,8.3,0.0,350.0,6.1,1017.4,0.0,3.1
0,12.71,2016,12,13,1939.0,0.0,1108.797305,6,14.4,0.0,110.0,6.7,1017.9,0.0,2.1
2,45.75,2016,7,17,0.0,0.0,10330.349085,13,36.1,2.0,130.0,18.9,1014.6,0.0,4.1
0,108.36,2016,9,11,1969.0,0.0,6215.2107,4,26.1,0.0,270.0,22.8,1013.7,0.0,2.1
1,64.48,2016,10,31,0.0,0.0,2217.687513,5,8.3,0.0,10.0,0.6,1021.1,0.0,4.6
0,47.0285,2016,10,21,1912.0,9.0,4079.37073,9,21.7,2.0,280.0,14.4,1013.3,0.0,3.6
1,505.131,2016,9,1,0.0,0.0,9124.189436,1,23.9,4.0,120.0,11.7,1024.1,0.0,3.6
0,78.63,2016,11,5,2004.0,0.0,37633.425949,6,18.3,2.0,0.0,13.9,1015.1,0.0,0.0
0,324.899,2016,7,26,2001.0,0.0,3594.045458,12,26.1,2.0,0.0,23.3,1018.7,0.0,0.0
3,164.96599999999995,2016,2,6,0.0,0.0,8659.117018,14,-3.9,0.0,250.0,-6.3,1022.7,0.0,1.0
0,724.028,2016,9,26,0.0,0.0,21566.409517,5,21.7,0.0,200.0,9.4,1017.5,0.0,5.1
1,40.1976,2016,4,21,1909.0,0.0,1185.535183,6,34.4,0.0,0.0,-10.0,1007.0,0.0,0.0
1,614.9209999999998,2016,6,23,0.0,0.0,12776.206366,13,28.3,0.0,170.0,22.8,1015.1,0.0,4.1
0,347.968,2016,3,26,1959.0,0.0,6800.4996,4,15.6,0.0,0.0,2.8,1024.2,0.0,0.0
2,536.328,2016,1,16,1967.0,0.0,5292.591007,3,3.9,0.0,130.0,-1.7,999.4,0.0,4.6
0,53.42,2016,3,13,0.0,0.0,8031.928865,5,14.4,0.0,40.0,0.6,1016.9,0.0,3.6
0,44.7,2016,7,22,1951.0,0.0,8696.464024,3,21.1,0.0,190.0,11.7,1014.9,0.0,2.1
0,74.625,2016,6,11,0.0,5.0,2462.579821,8,24.4,2.0,70.0,21.7,1018.3,0.0,2.1
0,32.0,2016,10,9,1976.0,6.0,4597.955276,10,8.0,0.0,20.0,5.0,0.0,0.0,4.6
0,242.116,2016,7,14,0.0,0.0,11295.611255,1,20.0,0.0,270.0,13.3,1008.4,0.0,4.6
0,41.87,2016,2,15,1985.0,0.0,3921.807242,6,16.7,0.0,0.0,0.0,1015.2,0.0,0.0
1,127.199,2016,7,25,0.0,0.0,7411.987146,1,26.1,0.0,310.0,16.1,1017.9,0.0,2.1
0,4.058,2016,7,5,1976.0,6.0,689.990581,10,17.0,0.0,270.0,11.0,0.0,0.0,8.2
0,4.31,2016,2,7,0.0,0.0,6336.263309,4,2.2,6.0,350.0,-3.9,1021.6,0.0,4.1
2,36.6,2016,7,26,0.0,0.0,4188.624658,13,24.4,0.0,0.0,24.4,1011.7,0.0,0.0
2,0.0,2016,10,17,0.0,0.0,5527.542694,13,31.7,0.0,210.0,18.9,1007.0,0.0,2.6
1,505.769,2016,7,7,0.0,0.0,5440.585486,7,29.4,0.0,0.0,20.6,1011.3,0.0,2.1
1,0.0,2016,1,19,0.0,0.0,1899.308932,1,-20.6,2.0,0.0,-23.3,1032.7,0.0,0.0
2,173.85,2016,1,23,0.0,0.0,20071.69315,13,13.9,0.0,0.0,-0.6,1022.9,0.0,2.6
1,168.84099999999995,2016,10,6,1970.0,0.0,1001.401437,12,25.0,0.0,360.0,23.9,1010.5,0.0,3.6
1,177.21400000000003,2016,10,29,0.0,0.0,7028.11195,6,31.7,4.0,110.0,7.2,1013.7,0.0,3.1
1,0.0,2016,12,19,0.0,0.0,25900.891885,7,6.7,0.0,330.0,-2.8,1027.6,0.0,4.1
3,0.0,2016,1,4,0.0,8.0,499.260722,15,6.1,0.0,180.0,5.5,983.3,0.0,4.1
1,574.13,2016,6,26,1952.0,9.0,44999.983528,2,31.8,0.0,210.0,15.4,1014.1,0.0,9.3
1,101.145,2016,10,3,1950.0,0.0,4106.591309,6,21.1,0.0,80.0,18.9,1007.9,0.0,4.1
0,122.74,2016,7,16,1989.0,0.0,10371.226405,6,34.4,4.0,0.0,12.8,1010.8,0.0,0.0
0,148.0,2016,6,23,0.0,0.0,7212.245696,13,24.4,4.0,180.0,22.8,1016.2,0.0,2.1
1,39.984,2016,10,27,0.0,0.0,7472.931514,1,6.1,0.0,120.0,3.3,1022.8,0.0,2.6
2,1820.31,2016,1,3,0.0,0.0,8824.670164,1,-3.9,0.0,310.0,-8.3,1018.7,0.0,7.2
0,26.0,2016,5,17,0.0,0.0,3509.410825,13,19.4,0.0,0.0,18.9,1010.8,0.0,2.1
0,51.1275,2016,9,17,0.0,5.0,1314.57745,8,25.0,2.0,360.0,23.9,1016.8,0.0,2.1
0,245.0,2016,10,24,0.0,0.0,9718.025412,5,11.1,0.0,270.0,6.7,1010.5,0.0,2.1
0,30.5,2016,8,31,0.0,15.0,4647.00806,15,15.3,0.0,230.0,12.4,1020.4,0.0,2.1
0,401.825,2016,7,16,1965.0,0.0,22582.118016,3,15.0,0.0,60.0,13.9,1015.9,0.0,1.5
0,0.0,2016,4,17,1996.0,0.0,5076.591532,12,23.3,4.0,40.0,11.1,1022.0,0.0,7.2
0,289.61,2016,2,17,1975.0,0.0,21391.751877,6,18.3,2.0,130.0,0.6,1012.9,0.0,4.1
2,39.0625,2016,9,10,0.0,0.0,14636.403135,1,14.4,2.0,330.0,11.7,1013.0,0.0,5.1
0,0.0004,2016,5,27,1976.0,5.0,3527.991425,10,11.0,0.0,60.0,10.0,0.0,0.0,5.1
0,9.6,2016,2,1,2014.0,0.0,2712.024376,4,9.4,0.0,190.0,2.8,1010.1,0.0,5.1
0,6.07,2016,10,22,0.0,0.0,6336.263309,4,13.3,0.0,320.0,7.2,1002.5,0.0,10.3
0,41.1156,2016,12,14,0.0,0.0,2201.986906,5,2.2,0.0,150.0,-3.3,1017.6,0.0,2.1
3,20.515,2016,1,8,2003.0,0.0,26286.532238,6,10.0,0.0,140.0,7.2,1009.2,5.0,2.1
0,151.0,2016,8,12,0.0,0.0,44779.153097,13,31.7,0.0,0.0,22.8,1011.2,0.0,2.6
0,24.6,2016,11,21,1965.0,7.0,1494.995076,15,10.7,0.0,160.0,8.8,986.2,0.0,5.7
3,68.4739,2016,7,19,0.0,0.0,2201.986906,5,23.3,0.0,330.0,18.3,1018.8,0.0,3.1
0,0.1525,2016,12,1,1909.0,7.0,609.815292,9,15.6,2.0,290.0,2.8,1018.8,0.0,5.1
0,20.0085,2016,1,28,1905.0,8.0,5234.433729,9,15.0,0.0,170.0,9.4,1024.0,0.0,2.1
0,31.61,2016,9,11,0.0,0.0,3021.855881,4,27.2,0.0,210.0,23.3,1012.4,0.0,5.1
0,150.583,2016,3,10,0.0,5.0,1841.616169,8,18.3,2.0,120.0,16.1,1023.8,0.0,2.6
0,48.0,2016,4,15,0.0,0.0,6480.355862,13,14.4,0.0,0.0,13.9,1011.8,0.0,0.0
1,0.0,2016,1,26,0.0,0.0,6683.070208,1,-4.4,8.0,310.0,-8.3,1016.0,0.0,7.7
1,0.0,2016,4,5,0.0,0.0,24942.59744,1,-1.1,0.0,130.0,-7.2,1028.4,0.0,3.6
1,73.9704,2016,5,31,0.0,0.0,7646.102706,1,18.9,8.0,140.0,13.9,1010.9,0.0,4.1
0,387.332,2016,6,4,0.0,0.0,27388.919236,1,15.6,6.0,240.0,12.8,1009.1,0.0,2.6
0,128.0,2016,5,24,0.0,0.0,34691.466648,13,28.9,0.0,0.0,23.3,1012.0,0.0,2.6
1,232.393,2016,4,29,1955.0,0.0,25295.443034,6,20.0,2.0,0.0,4.4,1010.6,0.0,1.5
0,99.43,2016,3,10,0.0,0.0,15467.327567,5,16.1,0.0,240.0,8.3,1015.6,0.0,1.5
1,338.708,2016,3,4,1991.0,0.0,12236.25413,6,17.8,0.0,120.0,-2.8,1012.1,0.0,2.6
0,36.99,2016,7,29,1930.0,0.0,6891.54454,6,42.2,4.0,270.0,14.4,1003.2,0.0,4.1
1,317.621,2016,7,23,0.0,0.0,15467.327567,5,31.1,0.0,240.0,21.7,1011.2,0.0,2.1
0,9.77,2016,5,31,1975.0,0.0,360.184931,6,33.3,2.0,250.0,-6.7,1005.9,0.0,3.1
1,0.0,2016,7,21,1907.0,0.0,400.783542,6,38.3,0.0,340.0,13.9,1008.8,0.0,2.6
0,223.067,2016,9,15,0.0,0.0,6507.111926,7,23.3,0.0,80.0,14.4,1023.4,0.0,4.1
0,17.87,2016,2,21,0.0,0.0,3174.588413,6,23.9,0.0,0.0,-1.1,1013.6,0.0,0.0
0,79.7913,2016,4,11,0.0,0.0,5406.582988,5,5.0,0.0,180.0,0.6,1023.8,-1.0,4.1
3,36.5538,2016,5,4,1958.0,13.0,9334.986343,15,16.5,0.0,160.0,2.8,1024.4,0.0,4.6
1,2365.64,2016,6,27,1962.0,7.0,16999.948358,2,27.0,0.0,190.0,15.4,1012.5,0.0,4.1
1,22.121,2016,3,14,1969.0,0.0,695.007343,6,22.8,4.0,0.0,1.7,1015.1,0.0,2.6
0,7.0,2016,2,8,0.0,0.0,743.595612,13,9.4,0.0,0.0,0.0,1021.5,0.0,0.0
0,15.35,2016,4,30,1932.0,0.0,1846.540028,3,7.8,0.0,0.0,6.1,1019.5,5.0,1.5
0,81.4072,2016,6,20,0.0,0.0,4781.810313,5,17.2,0.0,10.0,15.0,1021.7,0.0,2.6
0,64.3285,2016,4,2,1959.0,13.0,14017.854961,9,12.8,4.0,280.0,8.3,1022.1,0.0,6.2
0,0.0,2016,5,11,2005.0,0.0,2504.014559,12,27.8,4.0,0.0,16.7,1021.2,0.0,0.0
0,222.3,2016,9,10,0.0,0.0,11403.471638,5,31.7,0.0,290.0,20.0,1012.8,0.0,1.5
0,34.0,2016,8,7,1976.0,7.0,12924.015039,10,18.0,0.0,270.0,18.0,0.0,0.0,6.2
0,4.1667,2016,5,17,0.0,5.0,60.201144,8,30.0,0.0,170.0,22.2,1018.5,0.0,6.7
0,179.77,2016,1,18,0.0,0.0,10454.932008,4,0.0,0.0,320.0,-6.1,1010.7,-1.0,7.7
0,12.245,2016,1,24,0.0,5.0,2639.002618,11,13.9,7.0,200.0,11.0,1016.2,0.0,10.0
1,59.7161,2016,12,22,0.0,0.0,8062.679758,13,13.3,0.0,0.0,3.9,1021.7,0.0,0.0
3,0.0,2016,7,19,2004.0,0.0,6619.152944,6,0.0,0.0,0.0,0.0,0.0,86.0,0.0
1,442.033,2016,3,13,0.0,0.0,11941.380008,13,15.0,0.0,0.0,13.9,1008.3,0.0,0.0
1,0.0,2016,1,20,0.0,0.0,7867.769264,5,-4.4,0.0,310.0,-10.6,1023.4,0.0,3.1
0,0.0,2016,4,24,2013.0,0.0,1186.278407,12,19.4,4.0,0.0,18.3,1015.9,0.0,0.0
1,2833.54,2016,12,29,0.0,0.0,8399.453132999999,5,-2.8,0.0,100.0,-6.7,1019.0,0.0,2.1
2,8321.34,2016,10,17,0.0,0.0,41103.817514,5,26.7,0.0,0.0,15.0,1013.2,0.0,1.5
0,54.5,2016,12,23,1980.0,7.0,4455.070462,9,8.9,0.0,20.0,7.8,1012.8,28.0,2.1
1,47.5363,2016,6,1,1946.0,0.0,15681.190273,3,17.2,0.0,350.0,8.9,1017.6,0.0,2.1
1,326.997,2016,1,28,0.0,0.0,21365.181619,13,2.2,0.0,0.0,-1.1,1024.1,0.0,0.0
0,827.825,2016,6,28,0.0,0.0,18064.152223,5,23.3,0.0,220.0,21.1,1013.1,0.0,2.6
0,0.0,2016,11,5,1979.0,0.0,11797.287455,6,25.0,2.0,160.0,10.6,1014.9,0.0,2.1
3,895.4639999999998,2016,6,3,0.0,6.0,17357.99652,0,13.9,0.0,180.0,5.6,1017.6,0.0,4.1
2,36.6,2016,5,29,0.0,0.0,15519.910665,13,28.3,0.0,150.0,21.1,1016.8,0.0,4.6
0,35.2,2016,1,28,1976.0,5.0,6148.970861,10,6.0,0.0,270.0,1.0,0.0,0.0,4.1
0,103.749,2016,6,2,1968.0,0.0,2272.035768,12,30.6,4.0,170.0,20.6,1018.5,0.0,3.1
0,36.89,2016,9,21,0.0,0.0,941.571905,6,26.1,4.0,0.0,16.1,1009.8,0.0,0.0
1,0.0,2016,3,5,0.0,0.0,7472.931514,1,0.0,0.0,330.0,-3.9,1023.9,0.0,4.6
1,127.556,2016,5,3,0.0,0.0,8444.8827,6,28.9,2.0,300.0,1.1,1010.0,0.0,2.6
0,121.97,2016,8,14,1930.0,0.0,9420.3642,4,28.9,2.0,170.0,24.4,1016.3,0.0,3.6
0,211.68,2016,12,15,1925.0,0.0,7900.378217,4,6.7,8.0,140.0,-3.9,1016.1,0.0,1.5
2,169.43400000000003,2016,2,9,0.0,0.0,4420.138934,1,-10.6,0.0,340.0,-15.0,1017.0,-1.0,6.7
1,101.461,2016,8,4,0.0,0.0,1498.989905,13,27.2,0.0,0.0,22.2,1013.7,0.0,1.5
1,3.816,2016,4,29,2007.0,0.0,13275.931603,3,10.6,0.0,240.0,3.9,1017.8,-1.0,2.6
0,155.7,2016,10,22,0.0,9.0,3462.030295,15,13.2,0.0,50.0,6.8,1015.6,0.0,3.1
1,215.337,2016,5,6,0.0,0.0,7231.941132,6,19.4,2.0,0.0,6.1,1008.4,0.0,0.0
2,0.0,2016,4,20,0.0,0.0,2836.421493,7,20.0,0.0,0.0,-5.0,1024.4,0.0,0.0
1,18.7842,2016,5,3,0.0,0.0,6915.978029,1,17.8,2.0,270.0,-2.8,1016.0,0.0,3.1
0,223.688,2016,6,25,0.0,0.0,25861.315207,5,18.9,2.0,20.0,16.7,1020.7,0.0,2.6
1,1431.77,2016,5,12,0.0,0.0,9089.443714,5,14.4,2.0,0.0,10.6,1019.4,0.0,0.0
1,1941.68,2016,10,23,1997.0,0.0,7578.655128,12,12.8,0.0,360.0,7.2,1020.2,0.0,3.6
1,443.51,2016,11,30,1967.0,0.0,18806.818805,6,5.0,0.0,100.0,-0.6,1018.5,0.0,1.5
1,556.7330000000002,2016,7,23,0.0,0.0,2320.624037,5,23.3,0.0,310.0,19.4,1010.9,0.0,2.6
1,0.0,2016,1,1,0.0,0.0,3284.492662,5,3.9,0.0,280.0,-3.3,1017.9,0.0,3.6
2,6.0,2016,8,18,0.0,0.0,5837.745811,1,26.1,2.0,70.0,18.3,1016.0,0.0,2.6
1,0.0,2016,2,18,0.0,0.0,24355.078868,1,-3.3,2.0,140.0,-10.6,1023.6,0.0,3.1
1,0.0,2016,10,18,0.0,0.0,8659.117018,14,10.6,0.0,70.0,5.1,1009.2,0.0,4.1
0,487.437,2016,11,8,0.0,0.0,14537.740149,1,13.9,4.0,260.0,7.8,1020.9,0.0,3.1
0,163.53,2016,10,6,0.0,0.0,537.258049,4,17.2,2.0,70.0,13.9,1025.4,0.0,2.1
0,71.0,2016,6,23,0.0,0.0,9670.180367,5,22.8,0.0,260.0,13.3,1012.1,0.0,1.5
0,470.577,2016,10,10,0.0,0.0,14150.241736,1,17.2,2.0,160.0,8.3,1019.1,0.0,4.6
0,114.5,2016,4,5,0.0,6.0,6913.84126,0,4.4,0.0,0.0,-5.6,1022.0,0.0,0.0
2,27.45,2016,5,11,0.0,0.0,2418.543799,13,25.0,0.0,10.0,20.0,1015.2,-1.0,7.2
0,100.3,2016,9,10,0.0,0.0,488.483974,6,30.0,4.0,0.0,14.4,1009.8,0.0,0.0
0,151.0,2016,7,22,0.0,5.0,15047.406007,0,29.4,2.0,230.0,7.2,0.0,0.0,4.6
1,100.863,2016,2,29,0.0,0.0,2379.152927,5,6.7,0.0,160.0,-0.6,1007.9,0.0,2.1
3,23.4457,2016,6,7,1993.0,0.0,18984.635147,6,27.8,2.0,90.0,-1.7,1006.7,0.0,3.6
0,26.76,2016,3,19,0.0,0.0,1105.5457,4,7.8,0.0,50.0,0.0,1019.6,0.0,7.7
1,61.4042,2016,1,8,1964.0,0.0,6122.958021,6,9.4,0.0,0.0,6.1,1010.4,0.0,0.0
2,11812.5,2016,4,8,0.0,0.0,18156.683611,1,-1.1,0.0,330.0,-4.4,1015.6,3.0,7.2
0,142.35299999999995,2016,1,19,0.0,0.0,6014.818929,5,-9.4,0.0,280.0,-17.2,1018.9,0.0,5.1
0,44.2037,2016,10,18,0.0,5.0,2567.83892,8,23.9,2.0,60.0,19.4,1015.0,0.0,3.6
1,161.81,2016,7,23,0.0,0.0,4882.888777,13,26.1,0.0,0.0,22.8,1014.0,0.0,2.1
0,68.887,2016,8,19,0.0,0.0,2379.152927,5,28.9,4.0,0.0,19.4,1013.1,0.0,1.5
1,800.971,2016,8,21,1995.0,0.0,29946.445923,3,23.3,0.0,150.0,17.8,1009.6,0.0,6.2
0,12.25,2016,3,28,1976.0,5.0,1062.996126,10,9.0,0.0,270.0,5.0,0.0,0.0,7.7
2,769.5310000000002,2016,3,25,0.0,0.0,6754.884227,1,6.7,0.0,350.0,-11.7,1012.1,0.0,2.6
0,33.0,2016,3,15,0.0,0.0,3831.412623,13,32.8,0.0,310.0,6.1,1006.9,0.0,2.6
0,18.01,2016,12,24,0.0,0.0,1665.472081,4,5.0,8.0,180.0,-1.1,1030.1,0.0,1.5
1,0.0,2016,4,3,0.0,0.0,11042.264774,1,0.0,0.0,170.0,-13.3,1013.6,0.0,2.6
3,5.8614,2016,8,30,0.0,0.0,3174.588413,6,39.4,2.0,170.0,12.2,1009.2,0.0,4.6
0,13.0,2016,9,25,0.0,0.0,2550.373156,1,16.1,0.0,260.0,11.7,1012.4,0.0,5.1
1,1.3328,2016,4,27,0.0,0.0,9635.713354,1,10.0,0.0,100.0,-1.1,1011.5,3.0,7.2
0,52.102,2016,7,23,0.0,0.0,8639.421582,1,23.9,0.0,130.0,20.0,1010.4,0.0,6.7
0,13.9,2016,11,13,1966.0,5.0,1716.011313,10,11.0,0.0,290.0,9.0,0.0,0.0,3.1
3,41.0299,2016,7,8,1955.0,0.0,25295.443034,6,35.6,0.0,250.0,6.1,1008.2,0.0,3.1
2,68.9843,2016,2,10,1975.0,0.0,3758.019253,3,-2.2,0.0,250.0,-3.9,1000.4,0.0,4.6
2,1476.56,2016,2,7,0.0,0.0,7964.759996,1,2.8,0.0,260.0,-1.1,1004.3,-1.0,5.7
0,288.382,2016,12,24,1999.0,0.0,3446.7013,12,18.3,0.0,20.0,16.1,1024.4,0.0,1.5
0,0.0,2016,1,6,0.0,0.0,743.595612,13,9.4,0.0,90.0,3.9,1024.3,-1.0,2.1
0,87.18,2016,4,30,1956.0,0.0,8019.665669,6,21.1,2.0,340.0,2.8,1005.4,0.0,2.1
2,23.4839,2016,11,10,1975.0,0.0,3758.019253,3,13.9,0.0,240.0,2.8,1010.7,0.0,4.1
0,48.0,2016,1,12,0.0,0.0,4384.185473,13,6.1,0.0,0.0,-0.6,1025.0,0.0,0.0
0,450.0,2016,9,8,0.0,0.0,10799.880847,5,21.1,2.0,0.0,18.3,1013.1,0.0,0.0
1,183.298,2016,2,15,1960.0,0.0,8145.084719,6,26.7,6.0,270.0,-5.0,1011.7,0.0,4.1
0,63.85,2016,7,28,0.0,0.0,1661.012737,7,33.3,0.0,170.0,21.7,1011.3,0.0,3.6
0,69.4,2016,7,14,1976.0,8.0,3365.039563,10,15.0,0.0,300.0,11.0,0.0,0.0,3.1
0,24.97,2016,11,27,0.0,0.0,2287.086054,4,8.3,2.0,360.0,-2.2,1022.5,0.0,3.1
0,33.73,2016,3,5,2011.0,0.0,1994.813216,4,3.9,8.0,360.0,-3.9,1021.1,0.0,6.2
2,617.188,2016,8,5,0.0,0.0,9124.189436,1,21.7,0.0,340.0,13.9,1015.3,0.0,5.7
2,418.708,2016,8,22,1974.0,0.0,11659.976821,3,19.4,2.0,320.0,9.4,1021.6,0.0,1.5
0,31.0,2016,8,26,0.0,0.0,4723.745938,13,32.8,0.0,0.0,22.2,1013.5,0.0,0.0
1,786.033,2016,7,16,0.0,0.0,10746.647428,5,29.4,0.0,230.0,19.4,1010.7,0.0,3.1
1,364.98800000000006,2016,12,1,0.0,0.0,2568.396338,5,10.6,0.0,280.0,0.0,1005.4,0.0,6.2
0,94.525,2016,6,19,1933.0,0.0,12151.154982,3,27.2,0.0,270.0,10.6,1026.4,0.0,3.6
0,19.9446,2016,7,4,0.0,5.0,2567.83892,8,34.4,0.0,200.0,22.2,1019.8,0.0,3.6
1,243.305,2016,7,16,0.0,0.0,2201.986906,5,31.1,0.0,350.0,18.9,1015.5,3.0,1.5
1,0.0,2016,12,8,0.0,0.0,11419.822566,1,-6.7,4.0,310.0,-10.0,1028.0,0.0,7.2
0,184.148,2016,4,28,0.0,0.0,25604.99583,11,2.0,8.0,220.0,0.2,1011.5,0.0,6.0
0,51.0,2016,4,6,0.0,0.0,1491.278956,13,22.8,0.0,150.0,6.1,1017.4,0.0,4.1
0,0.0,2016,1,2,0.0,0.0,10493.951268,11,10.0,7.0,310.0,8.6,997.8,0.0,3.0
1,0.0,2016,2,2,1978.0,0.0,10856.087162,3,-2.8,0.0,0.0,-3.3,1026.4,0.0,0.0
0,73.7295,2016,7,17,0.0,0.0,4844.055323,5,23.3,0.0,200.0,18.3,1017.0,0.0,2.6
0,87.7,2016,3,22,0.0,0.0,488.483974,6,24.4,0.0,240.0,-6.1,1008.9,0.0,2.6
2,10250.0,2016,2,20,0.0,0.0,26718.345382,1,6.7,0.0,250.0,1.7,1003.0,0.0,5.7
0,187.882,2016,9,28,0.0,0.0,12365.3893,1,10.6,0.0,330.0,7.8,1016.8,0.0,4.1
0,38.4958,2016,9,27,0.0,0.0,2201.986906,5,21.1,0.0,270.0,11.7,1012.9,0.0,2.6
0,3.0,2016,5,16,1920.0,6.0,791.161948,9,15.0,2.0,200.0,10.0,1016.1,0.0,2.1
1,0.0,2016,12,7,0.0,0.0,8892.396451,6,14.4,0.0,0.0,7.2,1011.3,0.0,0.0
1,38.7589,2016,11,7,1995.0,0.0,29946.445923,3,-2.8,0.0,70.0,-3.3,1032.8,0.0,2.6
0,11.875,2016,8,26,1912.0,0.0,829.159275,4,32.8,4.0,350.0,22.2,1018.3,0.0,5.1
0,393.0,2016,10,17,0.0,0.0,16890.229915,13,32.8,2.0,0.0,19.4,1007.2,0.0,2.6
0,213.44,2016,6,23,2008.0,0.0,9801.731015,6,33.9,4.0,80.0,8.9,1009.3,0.0,3.6
0,22.05,2016,1,14,0.0,0.0,2173.186976,6,12.8,2.0,130.0,0.0,1017.9,0.0,2.1
2,225.7,2016,2,4,0.0,0.0,5215.295711,13,4.4,0.0,0.0,-5.0,1029.9,0.0,0.0
0,48.29,2016,6,12,1979.0,0.0,11797.287455,6,27.8,0.0,0.0,8.9,1010.2,0.0,0.0
2,455.893,2016,4,20,1967.0,0.0,5292.591007,3,4.4,0.0,310.0,0.0,1027.6,0.0,1.5
0,126.79,2016,10,17,0.0,0.0,8445.161409,6,28.3,2.0,0.0,6.7,1010.3,0.0,0.0
0,12.5,2016,8,27,0.0,0.0,657.660337,4,27.2,0.0,40.0,23.3,1019.3,0.0,2.1
3,519.818,2016,11,13,0.0,0.0,5003.75558,5,5.0,0.0,0.0,-5.0,1023.5,0.0,0.0
2,0.0,2016,1,13,0.0,0.0,28356.225272,13,14.4,0.0,0.0,1.1,1023.9,0.0,0.0
2,149.45,2016,12,23,0.0,0.0,10008.44019,13,14.4,0.0,0.0,2.8,1022.8,0.0,0.0
1,0.0,2016,10,30,1955.0,6.0,5999.954449,2,8.2,0.0,270.0,7.1,1009.3,0.0,3.6
1,298.581,2016,2,2,1971.0,0.0,16645.151801,6,10.0,2.0,280.0,-11.1,1019.4,0.0,6.2
1,1456.15,2016,7,25,0.0,0.0,7246.619806,5,26.1,0.0,190.0,23.3,1013.1,0.0,3.6
1,0.0,2016,3,11,0.0,0.0,18554.772966,1,17.2,2.0,170.0,5.0,1019.7,0.0,6.2
1,126.449,2016,6,25,0.0,0.0,9285.283238,1,27.2,2.0,160.0,17.2,1013.4,0.0,4.1
0,26.23,2016,11,21,0.0,0.0,960.059602,6,17.2,0.0,0.0,13.3,1010.4,0.0,1.5
0,36.8,2016,5,8,1960.0,12.0,6012.960869,15,15.2,0.0,50.0,9.7,1007.3,0.0,2.1
1,6036.08,2016,9,22,1997.0,0.0,7578.655128,12,25.0,2.0,340.0,23.3,1015.2,0.0,2.6
0,34.665,2016,6,28,0.0,0.0,4931.012531,1,16.7,4.0,50.0,10.6,1023.3,0.0,4.6
3,30.0,2016,8,31,1958.0,13.0,9334.986343,15,14.2,0.0,180.0,12.2,1020.3,0.0,2.6
0,48.0,2016,1,25,0.0,0.0,2181.455343,5,2.2,0.0,170.0,-8.3,1024.6,0.0,2.6
2,7498.3,2016,7,17,0.0,0.0,41103.817514,5,26.7,0.0,310.0,18.9,1018.9,0.0,2.6
0,202.0,2016,7,30,0.0,0.0,12083.614501,5,25.0,0.0,230.0,22.2,1015.0,0.0,1.5
0,23.5,2016,1,2,1956.0,0.0,3132.038839,6,20.6,2.0,100.0,-1.1,1017.1,0.0,3.1
0,14.59,2016,2,5,0.0,0.0,24153.758067,1,-5.6,2.0,270.0,-10.6,1024.4,0.0,3.1
0,2197.6,2016,8,30,1960.0,10.0,35999.9125,2,17.4,0.0,80.0,12.8,1021.6,0.0,1.5
0,0.28,2016,3,23,0.0,0.0,20903.175,4,12.8,8.0,210.0,-0.6,1015.3,0.0,4.1
2,15.625,2016,8,12,0.0,0.0,10874.667762,1,22.2,0.0,340.0,20.6,1011.3,41.0,3.6
3,0.0,2016,1,20,0.0,0.0,3174.588413,6,10.6,2.0,110.0,3.9,1020.7,0.0,3.1
0,4.56,2016,5,17,0.0,0.0,747.962053,13,20.0,0.0,0.0,18.9,1010.5,0.0,0.0
1,214.528,2016,5,20,0.0,0.0,8477.770362,13,17.8,0.0,0.0,16.7,1016.0,0.0,0.0
0,80.38,2016,12,10,0.0,0.0,8031.928865,5,0.6,0.0,300.0,-6.7,1024.6,0.0,3.6
0,64.7813,2016,4,25,0.0,0.0,4642.827425,5,16.1,4.0,260.0,-2.8,1015.7,0.0,2.1
0,16.65,2016,10,9,1913.0,0.0,8949.903408,3,12.2,0.0,300.0,10.6,1019.3,0.0,3.1
0,14.7,2016,10,21,1993.0,0.0,3239.992125,3,11.1,0.0,340.0,10.6,1007.9,15.0,2.1
0,7.875,2016,1,6,1994.0,0.0,1070.614172,3,0.0,0.0,0.0,0.0,0.0,0.0,0.0
2,683.22,2016,11,28,1911.0,12.0,7999.970233,2,-0.8,0.0,320.0,-4.2,1021.6,0.0,2.1
0,48.53,2016,12,16,2008.0,0.0,36012.733114,12,12.2,0.0,10.0,7.8,1022.1,0.0,2.6
0,1521.84,2016,9,16,0.0,0.0,27406.385,4,19.4,0.0,50.0,15.6,1024.2,0.0,1.5
1,211.574,2016,4,21,0.0,0.0,8444.8827,6,34.4,0.0,0.0,-10.0,1007.0,0.0,0.0
3,84.9906,2016,11,9,1967.0,0.0,20115.914978,6,23.9,2.0,80.0,2.2,1020.5,0.0,5.7
0,0.0,2016,2,28,1976.0,6.0,1133.974018,10,7.0,0.0,30.0,-1.0,0.0,0.0,5.7
0,30.01,2016,3,6,1970.0,0.0,864.834027,6,17.2,0.0,80.0,0.0,1011.3,0.0,4.1
0,124.85,2016,5,19,1931.0,0.0,4784.5045,4,13.9,0.0,340.0,8.9,1019.2,0.0,2.1
0,314.625,2016,12,8,0.0,0.0,14173.188777,14,0.1,0.0,230.0,-1.6,1007.3,0.0,2.6
0,0.0,2016,5,7,0.0,0.0,14440.749417,1,20.0,4.0,10.0,-3.9,1012.3,0.0,7.2
0,870.68,2016,2,14,2012.0,0.0,30403.064168,6,20.0,0.0,0.0,0.0,1013.6,0.0,0.0
1,217.831,2016,6,8,0.0,0.0,5320.926422,5,19.4,0.0,260.0,11.1,1000.5,0.0,1.5
0,1185.26,2016,11,7,2012.0,0.0,41806.35,4,11.1,2.0,30.0,0.0,1033.3,0.0,3.6
3,115.852,2016,3,13,0.0,0.0,6320.19109,14,1.4,0.0,330.0,-3.3,1022.2,0.0,2.6
3,52.7528,2016,8,6,2009.0,0.0,51394.86863,6,31.1,0.0,160.0,20.0,1006.5,0.0,2.6
1,17.0567,2016,7,2,0.0,0.0,2284.113158,6,34.4,2.0,110.0,17.2,1012.9,0.0,4.1
0,127.25,2016,1,24,0.0,6.0,19859.131086,0,0.6,0.0,160.0,0.0,1012.4,3.0,4.1
0,473.05,2016,6,18,1968.0,0.0,14927.003719,3,11.7,0.0,80.0,10.0,1020.3,0.0,3.1
0,88.94,2016,12,1,1971.0,0.0,16645.151801,6,6.7,0.0,130.0,-2.8,1014.4,0.0,2.6
0,36.0,2016,3,24,0.0,0.0,8005.172801,13,23.9,0.0,0.0,17.2,1005.6,0.0,3.1
1,30.6544,2016,7,24,0.0,0.0,1418.535907,1,23.9,0.0,300.0,21.1,1007.6,0.0,3.1
0,7.575,2016,6,18,0.0,0.0,2008.377054,3,26.1,0.0,320.0,10.0,1024.3,0.0,1.5
2,48.8,2016,5,14,0.0,0.0,4188.624658,13,22.2,0.0,0.0,20.0,1016.5,0.0,1.5
0,401.62,2016,2,8,0.0,0.0,8398.431199999999,4,6.7,0.0,80.0,-2.2,1009.0,0.0,3.1
0,33.5,2016,2,7,1900.0,10.0,3559.950057,15,9.5,0.0,230.0,1.7,995.4,0.0,9.8
2,492.1880000000001,2016,3,18,0.0,0.0,12033.911396,1,2.2,0.0,30.0,-3.9,1020.8,0.0,2.6
2,779.018,2016,7,30,0.0,0.0,5406.582988,5,23.3,0.0,0.0,21.7,1013.3,0.0,0.0
1,0.0,2016,4,26,0.0,0.0,12239.505735,1,6.1,0.0,50.0,3.9,1012.0,0.0,4.1
0,94.84,2016,11,22,0.0,0.0,25222.421276,1,1.1,0.0,130.0,-7.2,1021.8,0.0,6.7
0,4.623,2016,11,1,1976.0,5.0,1432.006842,10,10.0,0.0,50.0,9.0,0.0,0.0,4.1
0,0.0004,2016,9,17,1976.0,5.0,3527.991425,10,18.0,0.0,360.0,10.0,0.0,0.0,6.2
0,6.225,2016,6,16,1925.0,0.0,1885.094773,3,25.6,0.0,130.0,15.6,1008.4,0.0,3.6
0,4.1,2016,10,21,0.0,0.0,457.547275,4,21.1,2.0,170.0,17.8,1011.0,0.0,6.2
0,58.64,2016,7,4,0.0,0.0,2141.878665,4,20.0,8.0,190.0,18.9,1018.8,-1.0,2.1
0,29.5,2016,8,11,0.0,0.0,2501.506178,1,23.3,0.0,0.0,20.0,1010.1,0.0,1.5
2,0.0,2016,1,13,0.0,0.0,5117.747561,13,15.0,0.0,170.0,5.6,1024.1,0.0,2.6
0,61.6,2016,4,21,1951.0,0.0,8696.464024,3,11.7,0.0,160.0,-3.3,1018.9,0.0,4.1
0,24.675,2016,6,25,1953.0,0.0,3673.198814,3,12.8,0.0,0.0,10.0,1019.9,0.0,0.0
0,722.0,2016,10,27,0.0,0.0,25621.997079,13,23.3,0.0,0.0,19.4,1023.4,0.0,0.0
0,122.49,2016,6,1,1942.0,0.0,7748.1102,4,23.9,6.0,90.0,21.1,1017.7,0.0,1.5
0,92.23,2016,4,1,0.0,0.0,1176.15198,4,27.8,4.0,210.0,14.4,999.8,0.0,9.8
0,20.788,2016,2,18,0.0,0.0,2501.506178,1,0.0,0.0,130.0,-4.4,1015.2,0.0,9.8
0,7.0417,2016,2,27,0.0,5.0,48.30956,8,8.3,0.0,320.0,3.9,1023.3,0.0,2.1
0,58.56,2016,5,27,1949.0,0.0,6466.0488,4,22.8,2.0,190.0,17.8,1017.1,0.0,4.1
2,0.0,2016,9,25,0.0,0.0,7462.433475,7,18.9,0.0,10.0,13.3,1021.0,0.0,1.5
0,28.2375,2016,3,2,0.0,0.0,3115.03759,11,6.9,7.0,300.0,2.2,1004.0,0.0,12.0
0,73.23,2016,9,4,0.0,0.0,5778.5666,4,27.8,4.0,50.0,11.7,1022.6,0.0,2.6
0,967.0,2016,3,9,0.0,0.0,18440.130664,13,22.8,0.0,140.0,18.9,1002.3,0.0,3.6
0,64.5,2016,7,28,2014.0,0.0,5310.799995,4,27.8,0.0,210.0,23.9,1012.5,0.0,1.5
1,12.6512,2016,1,28,0.0,0.0,53614.414203,1,3.9,0.0,260.0,-0.6,1005.1,0.0,4.6
2,0.0,2016,11,14,0.0,0.0,4049.363061,1,6.1,2.0,300.0,3.3,1011.7,0.0,2.6
2,1333.01,2016,1,17,0.0,0.0,3270.278503,1,-24.4,4.0,320.0,-28.3,1023.2,0.0,4.1
1,105.954,2016,12,12,0.0,0.0,820.890908,5,0.0,0.0,90.0,-5.6,1021.4,0.0,2.6
2,102.01,2016,10,12,0.0,0.0,2320.624037,5,18.9,0.0,180.0,9.4,1022.7,0.0,2.1
0,76.51,2016,4,20,1950.0,0.0,6150.1786,4,20.6,6.0,170.0,-4.4,1023.0,0.0,1.5
0,74.12,2016,10,8,2009.0,0.0,9680.4926,4,20.0,0.0,80.0,17.8,1021.0,0.0,3.1
0,204.81,2016,4,22,0.0,0.0,5692.538422,5,19.4,0.0,270.0,8.3,1015.6,0.0,2.6
0,2.52,2016,10,19,1976.0,6.0,689.990581,10,11.0,0.0,330.0,9.0,0.0,0.0,3.6
2,0.0,2016,1,8,0.0,0.0,16845.915184,5,2.8,0.0,60.0,-7.2,1022.4,0.0,4.1
0,4.59,2016,12,4,1976.0,6.0,688.968648,10,4.0,0.0,80.0,2.0,0.0,0.0,8.2
1,301.077,2016,6,25,0.0,0.0,8477.770362,13,27.8,0.0,130.0,23.9,1016.2,-1.0,4.1
2,57.0742,2016,5,30,1957.0,0.0,10710.601064,3,17.8,0.0,160.0,15.6,1015.2,0.0,3.6
1,369.586,2016,8,4,1964.0,0.0,6122.958021,6,30.0,0.0,90.0,21.1,1009.6,0.0,3.6
0,106.0,2016,4,14,0.0,0.0,7954.633569,13,23.3,0.0,360.0,14.4,1014.8,0.0,3.6
0,30.07,2016,6,4,0.0,0.0,1312.254875,4,26.1,0.0,200.0,21.1,1015.5,0.0,4.1
2,2765.62,2016,9,18,0.0,0.0,14440.749417,1,20.0,0.0,290.0,9.4,1011.7,0.0,2.1
0,5.12,2016,8,18,0.0,0.0,615.482375,4,31.7,6.0,200.0,21.1,1016.0,0.0,5.7
0,494.49,2016,8,4,0.0,0.0,8398.431199999999,4,29.4,0.0,110.0,15.0,1019.7,0.0,1.5
0,32.913000000000004,2016,6,20,0.0,0.0,10351.623872,1,30.6,0.0,210.0,18.9,1011.4,0.0,5.1
1,346.1280000000001,2016,10,2,1989.0,0.0,13386.021658,6,21.7,0.0,90.0,17.2,0.0,2.0,7.2
0,0.0,2016,2,22,2013.0,0.0,8012.88375,12,15.0,0.0,120.0,13.9,1018.2,0.0,1.5
0,114.464,2016,5,13,0.0,0.0,5314.144503,1,6.7,0.0,270.0,3.9,1017.3,-1.0,5.1
0,5.4122,2016,4,9,1976.0,9.0,25086.968702,10,4.0,0.0,0.0,2.0,0.0,0.0,0.5
1,60.8281,2016,8,21,0.0,0.0,8686.4305,7,23.9,4.0,210.0,21.7,1009.9,0.0,2.1
0,162.95,2016,10,30,1949.0,0.0,18491.134411,3,12.2,0.0,0.0,10.6,1012.9,0.0,0.0
0,890.975,2016,1,29,1990.0,0.0,19928.158015,3,-1.1,0.0,310.0,-3.9,1000.4,-1.0,6.7
0,531.75,2016,7,6,1909.0,11.0,10993.955214,15,20.9,0.0,320.0,7.5,1022.9,0.0,2.1
1,0.0,2016,11,12,0.0,0.0,10606.363898,5,1.7,0.0,0.0,-7.2,1024.5,0.0,0.0
0,507.06,2016,8,4,1993.0,0.0,18984.635147,6,28.9,4.0,120.0,21.1,1008.8,0.0,3.6
3,0.0,2016,10,1,0.0,8.0,499.260722,15,11.3,0.0,270.0,9.5,1005.6,0.0,3.1
0,166.0,2016,8,14,0.0,6.0,8173.234328,0,21.1,0.0,0.0,0.0,1015.0,0.0,0.0
0,590.073,2016,10,4,1989.0,0.0,11248.137822,12,24.4,0.0,350.0,22.2,1011.2,0.0,2.1
0,2.8,2016,4,17,1976.0,6.0,915.001647,10,9.0,0.0,270.0,3.0,0.0,0.0,5.7
1,229.861,2016,6,18,0.0,0.0,4864.122371,13,29.4,0.0,0.0,22.2,1012.4,0.0,2.6
2,202.428,2016,8,7,0.0,0.0,1994.534507,5,28.3,0.0,0.0,15.6,1011.8,0.0,0.0
0,0.7061,2016,4,16,1966.0,7.0,10133.023113,10,3.0,0.0,340.0,0.0,0.0,0.0,4.1
1,218.783,2016,8,21,0.0,0.0,6480.355862,13,23.9,0.0,0.0,22.8,1012.7,0.0,0.0
0,107.667,2016,7,20,0.0,0.0,11895.671732,7,23.9,2.0,190.0,20.0,1019.8,0.0,2.1
2,671.875,2016,4,14,0.0,0.0,14636.403135,1,10.0,2.0,130.0,0.0,1017.1,0.0,4.1
0,45.0,2016,5,4,2004.0,8.0,1438.974567,15,11.1,0.0,160.0,-1.1,1024.2,0.0,3.1
1,0.0,2016,6,10,1907.0,0.0,400.783542,6,38.9,2.0,260.0,8.9,1004.9,0.0,8.2
0,197.782,2016,5,7,0.0,0.0,11295.611255,1,20.6,4.0,360.0,-2.8,1012.5,0.0,5.7
0,64.0,2016,3,31,1998.0,12.0,4606.966867,15,11.9,0.0,360.0,-0.1,1016.2,0.0,3.6
0,158.15,2016,2,5,1983.0,0.0,11282.14032,6,7.2,0.0,100.0,-5.0,1025.6,0.0,2.6
0,28.46,2016,2,25,0.0,0.0,2173.186976,6,27.8,0.0,0.0,-8.9,1015.5,0.0,2.1
1,3.2997,2016,1,2,1951.0,0.0,8696.464024,3,-2.0,0.0,230.0,-6.0,0.0,0.0,3.1
0,0.0,2016,4,9,2002.0,0.0,2200.407555,12,22.8,2.0,310.0,1.1,1019.6,0.0,4.1
0,68.0679,2016,4,26,1919.0,9.0,4161.032467,15,8.9,0.0,300.0,-3.2,1008.2,0.0,6.7
1,395.883,2016,7,27,0.0,0.0,3066.913836,5,31.7,0.0,0.0,17.2,1011.5,0.0,0.0
1,5.4374,2016,8,5,0.0,0.0,7246.619806,5,18.9,0.0,0.0,15.0,1017.6,0.0,0.0
0,694.977,2016,7,27,0.0,0.0,22068.736038,5,30.6,0.0,330.0,18.3,1013.4,0.0,3.1
2,0.0,2016,8,14,0.0,0.0,6754.884227,1,23.3,4.0,250.0,16.1,1013.6,0.0,2.6
0,41.6,2016,4,2,1958.0,7.0,10552.758867,9,12.2,0.0,240.0,7.8,1022.7,0.0,2.6
0,14.39,2016,10,30,0.0,0.0,1035.218129,4,15.0,0.0,200.0,13.9,1015.4,0.0,2.1
0,5343.31,2016,4,4,1962.0,7.0,16999.948358,2,-5.9,0.0,60.0,-18.0,1019.4,0.0,4.1
0,72.77600000000002,2016,3,28,0.0,0.0,5924.517213,1,-0.6,2.0,180.0,-2.2,1018.5,0.0,1.5
0,52.4,2016,6,29,1915.0,0.0,2884.916859,3,0.0,0.0,0.0,0.0,0.0,0.0,0.0
2,276.611,2016,12,22,0.0,0.0,1770.638277,1,2.8,8.0,300.0,-1.1,1012.9,0.0,8.8
1,214.106,2016,5,29,0.0,0.0,3683.511047,13,28.3,0.0,150.0,21.1,1016.8,0.0,4.6
2,846.7539999999998,2016,5,5,1963.0,0.0,7860.987345,3,7.8,0.0,100.0,5.6,1007.5,0.0,2.1
0,160.8,2016,12,30,1995.0,10.0,1560.956206,15,0.4,9.0,160.0,0.4,1037.0,0.0,1.5
0,171.225,2016,5,9,1962.0,0.0,4364.675843,3,5.0,0.0,300.0,3.3,1014.3,0.0,2.6
1,8.1634,2016,4,25,0.0,0.0,7964.759996,1,11.7,0.0,110.0,10.0,1000.9,5.0,4.1
0,421.003,2016,7,28,2002.0,0.0,3969.838093,12,34.4,4.0,160.0,19.4,1015.7,0.0,3.6
2,1752.0,2016,6,30,0.0,0.0,30925.922252,1,21.7,0.0,160.0,16.7,1014.1,0.0,3.1
1,103.29,2016,4,27,0.0,0.0,3831.412623,13,24.4,0.0,0.0,15.6,1005.9,0.0,3.1
0,28.5,2016,1,8,0.0,0.0,1378.866326,4,5.0,8.0,60.0,2.8,1022.8,0.0,4.6
0,111.71,2016,1,12,0.0,0.0,5779.031115,4,-1.1,8.0,160.0,-10.6,1017.8,0.0,2.1
0,97.0,2016,12,2,0.0,0.0,34691.466648,13,11.1,0.0,160.0,6.1,1018.1,0.0,1.5
3,0.0,2016,11,6,0.0,8.0,499.260722,15,7.2,0.0,330.0,0.5,1005.7,0.0,6.7
1,89.6308,2016,6,3,0.0,0.0,4420.138934,1,17.2,0.0,130.0,10.0,1014.9,0.0,3.6
1,0.0,2016,2,1,1979.0,17.0,70999.910011,2,3.5,0.0,280.0,-3.3,1010.7,0.0,4.1
0,379.35,2016,5,28,1933.0,10.0,22116.952695,9,14.4,2.0,0.0,10.0,1009.4,0.0,0.0
0,50.525,2016,9,28,0.0,0.0,9895.191433,1,16.1,0.0,10.0,9.4,1024.6,0.0,6.2
0,16.55,2016,1,24,2008.0,0.0,9801.731015,6,16.7,2.0,240.0,-1.1,1015.0,0.0,4.1
0,126.5,2016,3,26,1957.0,0.0,12731.42712,6,21.7,0.0,0.0,-5.0,1008.4,0.0,0.0
0,387.75,2016,3,3,0.0,0.0,37324.058959,7,1.7,0.0,180.0,-3.3,1022.5,-1.0,3.1
3,743.118,2016,11,16,0.0,0.0,9670.180367,5,13.3,0.0,260.0,1.7,1008.5,0.0,3.6
0,10.344,2016,5,6,1970.0,6.0,956.993803,15,19.6,0.0,160.0,5.4,1007.9,0.0,3.6
1,0.0,2016,12,25,2013.0,0.0,6706.946279,6,7.8,2.0,260.0,1.7,1013.2,0.0,2.6
0,38.1,2016,4,15,1995.0,12.0,7720.982524,15,9.5,0.0,10.0,8.9,1002.2,0.0,1.0
0,175.0,2016,1,13,0.0,5.0,3729.312226,8,10.6,0.0,350.0,1.1,1022.7,0.0,3.1
0,6.02,2016,10,11,2017.0,0.0,6438.1779,4,14.4,0.0,340.0,3.3,1028.3,0.0,3.1
0,465.25,2016,7,12,2011.0,0.0,34978.629821,4,23.9,6.0,0.0,16.7,1018.4,0.0,0.0
0,104.465,2016,6,28,1941.0,9.0,4292.490212,9,18.3,0.0,290.0,10.0,1016.0,0.0,3.6
1,10.9956,2016,9,10,0.0,0.0,11102.744627,1,21.1,0.0,320.0,13.3,1012.4,0.0,4.6
2,455.55300000000005,2016,4,6,0.0,0.0,7462.433475,7,10.0,0.0,190.0,-7.8,1025.7,0.0,7.7
0,219.102,2016,7,15,2002.0,0.0,36012.733114,12,30.6,0.0,140.0,22.8,1016.8,-1.0,3.6
1,1.2583,2016,5,17,2006.0,0.0,15727.54887,3,8.9,0.0,80.0,2.2,1019.5,0.0,1.5
0,4.4,2016,3,20,1966.0,7.0,2938.986405,10,7.0,0.0,50.0,2.0,0.0,0.0,4.6
0,36.5,2016,4,19,2002.0,0.0,3758.948283,3,12.8,0.0,330.0,0.0,1023.0,0.0,6.2
1,5733.7,2016,8,25,0.0,0.0,10799.880847,5,23.9,0.0,220.0,15.6,1021.3,0.0,2.1
3,0.52,2016,12,30,0.0,0.0,18040.647764,5,1.1,0.0,240.0,-5.0,1001.7,0.0,2.6
0,1004.73,2016,9,12,2001.0,0.0,9805.447135,12,25.0,4.0,80.0,23.3,1016.3,0.0,2.6
0,0.0,2016,7,13,1976.0,5.0,1294.974917,10,16.0,0.0,270.0,9.0,0.0,0.0,7.2
0,149.875,2016,5,2,1984.0,0.0,6930.470897,3,7.2,0.0,300.0,6.7,1012.9,53.0,2.6
0,150.90200000000004,2016,3,7,0.0,0.0,5630.479218,1,8.9,2.0,140.0,5.0,1003.7,0.0,3.6
0,199.751,2016,3,11,0.0,0.0,11295.611255,1,17.8,2.0,180.0,5.6,1019.1,0.0,7.2
0,208.863,2016,6,4,2001.0,0.0,3866.344151,12,30.0,4.0,160.0,21.1,1017.1,0.0,2.6
1,41.86,2016,4,5,1923.0,5.0,5999.954449,2,-0.6,0.0,270.0,-18.1,1028.1,0.0,6.2
2,0.0,2016,1,28,0.0,0.0,7462.433475,7,2.8,0.0,200.0,-1.7,1013.8,0.0,6.2
0,445.45,2016,2,19,1925.0,0.0,7900.378217,4,-1.1,0.0,60.0,-10.0,1035.2,0.0,2.1
0,88.9976,2016,3,6,0.0,0.0,6827.255664,5,3.9,0.0,70.0,-5.0,1025.6,0.0,1.5
1,0.1279,2016,9,4,2006.0,0.0,15727.54887,3,11.1,0.0,120.0,10.6,1024.1,0.0,1.5
1,0.0,2016,12,21,0.0,0.0,7462.433475,7,-1.1,0.0,240.0,-7.2,1022.2,0.0,2.6
0,29.53,2016,12,11,0.0,0.0,1176.15198,4,-1.1,2.0,320.0,-10.6,1034.3,0.0,4.1
3,8.7921,2016,7,22,1982.0,0.0,2289.408629,6,39.4,0.0,220.0,14.4,1007.9,0.0,1.5
3,41.0299,2016,4,25,2009.0,0.0,51394.86863,6,27.8,4.0,240.0,-6.7,1004.3,0.0,2.1
0,12.75,2016,3,22,0.0,8.0,2824.344103,9,15.6,4.0,310.0,6.1,1024.9,0.0,5.1
0,76.79,2016,8,13,0.0,0.0,2043.866,4,27.8,0.0,190.0,24.4,1013.3,0.0,4.1
0,74.81,2016,3,12,0.0,0.0,6169.130812,4,12.2,4.0,40.0,3.3,1027.3,0.0,2.1
0,0.4,2016,8,23,1966.0,5.0,815.038019,10,20.0,0.0,100.0,16.0,0.0,0.0,5.1
0,18.3,2016,2,19,0.0,0.0,941.571905,6,16.1,0.0,130.0,1.1,1013.3,0.0,3.1
2,33.55,2016,8,19,0.0,0.0,6480.355862,13,32.8,2.0,150.0,22.8,1011.6,0.0,4.6
0,14.96,2016,10,20,0.0,0.0,1432.56426,4,23.9,8.0,40.0,18.9,1017.7,0.0,2.1
1,580.28,2016,3,10,1971.0,0.0,16645.151801,6,25.0,2.0,130.0,-3.9,1015.6,0.0,2.1
0,125.985,2016,8,16,1910.0,8.0,371.612,9,17.2,2.0,290.0,12.8,1013.6,0.0,2.6
1,601.592,2016,7,14,0.0,0.0,15849.902121,13,31.1,2.0,0.0,23.3,1016.1,0.0,3.1
3,241.58900000000003,2016,1,25,0.0,0.0,8659.117018,14,-3.0,0.0,60.0,-5.8,1023.2,0.0,1.5
2,85.4,2016,4,17,0.0,0.0,4160.567952,13,18.3,0.0,20.0,17.8,0.0,2.0,2.6
0,45.444,2016,12,30,0.0,0.0,7451.285115,1,-5.0,0.0,140.0,-8.9,1015.1,0.0,2.6
0,34.79,2016,10,30,1914.0,0.0,4559.493434,6,23.3,2.0,0.0,8.9,1012.7,0.0,0.0
0,317.0,2016,4,21,0.0,0.0,21733.449111,13,23.3,0.0,0.0,17.2,1013.6,0.0,0.0
0,187.5,2016,5,19,0.0,6.0,10551.92274,0,12.8,4.0,160.0,4.4,1009.6,0.0,4.6
1,335.121,2016,4,24,0.0,0.0,4160.567952,13,22.2,0.0,180.0,17.2,1012.5,0.0,2.6
0,516.971,2016,12,18,2006.0,0.0,18667.278499,12,20.0,0.0,150.0,19.4,1020.4,0.0,1.5
2,638.644,2016,10,21,0.0,0.0,5782.468526,5,19.4,0.0,160.0,17.8,1010.3,0.0,2.6
3,61.5449,2016,6,7,2009.0,0.0,51394.86863,6,31.7,2.0,100.0,-2.2,1003.1,0.0,2.6
0,522.438,2016,5,27,1909.0,11.0,10993.955214,15,20.0,0.0,70.0,9.0,0.0,0.0,3.1
0,20.0,2016,11,26,0.0,0.0,1498.989905,13,13.3,0.0,360.0,8.3,1027.8,0.0,1.5
0,55.03,2016,11,27,1955.0,0.0,9262.4291,4,6.1,0.0,290.0,-0.6,1022.7,0.0,4.6
0,236.1,2016,6,20,1968.0,0.0,9287.977425,4,27.8,2.0,100.0,14.4,1023.0,0.0,2.1
0,1.08,2016,1,11,0.0,0.0,90.02300699999999,4,0.6,0.0,300.0,-12.2,1019.4,0.0,3.6
0,1.24,2016,12,7,0.0,0.0,402.827408,4,7.8,8.0,10.0,6.7,1009.2,3.0,5.7
0,30.0,2016,10,11,0.0,6.0,2033.832476,0,15.6,0.0,180.0,1.1,1009.6,0.0,3.1
2,15285.2,2016,9,17,0.0,0.0,27388.919236,1,18.9,8.0,270.0,13.3,1012.4,0.0,4.1
1,12072.2,2016,8,25,2009.0,0.0,11973.988961,12,26.7,0.0,20.0,23.3,1019.2,0.0,4.6
0,144.01,2016,2,8,1931.0,0.0,14409.2553,4,6.7,0.0,80.0,-2.2,1009.0,0.0,3.1
1,0.0,2016,11,1,0.0,0.0,7725.348965,1,14.4,0.0,210.0,11.7,1003.6,0.0,6.2
0,5.16,2016,2,17,2005.0,0.0,898.000398,6,31.7,2.0,100.0,-2.2,1007.4,0.0,3.1
0,1549.65,2016,3,8,0.0,0.0,41103.817514,5,7.8,0.0,0.0,1.1,1019.5,0.0,0.0
1,1215.51,2016,7,24,0.0,0.0,18554.772966,1,27.8,6.0,290.0,17.2,1011.2,0.0,7.2
0,109.55,2016,5,4,0.0,0.0,2432.850861,4,12.8,0.0,60.0,10.6,1006.8,0.0,3.6
1,126.431,2016,3,3,0.0,0.0,17333.098516,13,22.8,0.0,170.0,15.0,1013.7,0.0,4.1
0,37.2,2016,1,1,1995.0,12.0,7720.982524,15,2.2,0.0,100.0,1.2,1022.0,0.0,2.6
2,789.062,2016,6,7,0.0,0.0,8824.670164,1,20.6,2.0,340.0,5.0,1013.7,0.0,4.1
0,1381.81,2016,6,25,2012.0,0.0,41806.35,4,28.3,2.0,0.0,15.0,1021.5,0.0,2.1
1,370.049,2016,8,5,0.0,0.0,15467.327567,5,28.3,0.0,230.0,17.8,1014.7,0.0,4.1
0,11.13,2016,2,17,1976.0,6.0,3373.029221,10,7.0,0.0,160.0,4.0,0.0,0.0,4.1
0,0.8,2016,10,23,1976.0,5.0,1374.03537,10,7.0,0.0,70.0,7.0,0.0,0.0,7.2
1,1393.94,2016,4,7,1993.0,0.0,18984.635147,6,25.0,0.0,60.0,-5.0,1010.9,0.0,2.1
2,434.78,2016,6,2,0.0,0.0,5628.249546,5,21.1,0.0,90.0,13.3,1018.8,0.0,2.6
0,4.06,2016,10,24,1907.0,0.0,400.783542,6,26.1,0.0,80.0,7.8,1013.4,0.0,3.6
2,24.4,2016,4,29,0.0,0.0,8005.172801,13,28.9,0.0,180.0,23.3,1000.5,0.0,4.1
2,280.6,2016,6,11,0.0,0.0,24355.636286,13,28.3,0.0,110.0,21.7,1012.2,0.0,1.5
0,182.379,2016,9,30,0.0,0.0,1561.234915,1,21.7,2.0,30.0,10.6,1023.9,0.0,4.1
3,529.457,2016,8,13,0.0,0.0,9718.025412,5,25.0,2.0,0.0,23.9,1011.9,0.0,0.0
1,149.81799999999996,2016,12,28,0.0,0.0,4294.90569,13,21.7,0.0,0.0,19.4,1019.5,0.0,0.0
0,842.05,2016,5,18,2004.0,0.0,13913.339086,3,5.6,0.0,20.0,3.3,1022.2,0.0,2.1
0,82.69,2016,2,14,1939.0,0.0,3134.454317,6,14.4,2.0,70.0,1.1,1013.7,0.0,1.5
0,1040.6,2016,10,17,0.0,0.0,22066.134754,1,18.9,0.0,240.0,16.7,999.2,0.0,3.1
0,34.47,2016,6,13,1984.0,0.0,2310.962125,4,18.9,6.0,310.0,9.4,1014.9,0.0,7.2
1,761.7669999999998,2016,8,14,0.0,0.0,2907.8639,5,31.1,0.0,260.0,23.3,1014.1,0.0,3.1
1,0.0,2016,10,8,0.0,0.0,1899.308932,1,5.6,4.0,300.0,-1.1,1023.7,0.0,3.6
1,53.3598,2016,6,30,1913.0,0.0,8949.903408,3,16.7,0.0,0.0,12.8,1017.7,0.0,0.0
2,1156.25,2016,12,30,0.0,0.0,12365.3893,1,-3.3,4.0,310.0,-9.4,1019.3,0.0,6.7
0,70.13,2016,9,26,1971.0,0.0,16645.151801,6,31.1,0.0,120.0,8.9,1013.7,0.0,3.1
2,1555.03,2016,10,2,1963.0,0.0,7074.842159,3,19.4,0.0,160.0,14.4,1015.8,0.0,4.6
0,157.66,2016,8,24,2008.0,0.0,9801.731015,6,27.2,4.0,220.0,15.0,1011.4,0.0,2.6
0,0.375,2016,3,25,0.0,5.0,1138.897877,8,17.2,6.0,180.0,16.1,1014.2,0.0,3.6
0,20.2322,2016,6,27,0.0,0.0,820.890908,5,25.0,0.0,240.0,15.0,1018.2,0.0,3.1
3,520.75,2016,12,6,0.0,0.0,5003.75558,5,3.3,0.0,50.0,-1.1,1019.9,0.0,3.1
0,438.0,2016,10,8,0.0,0.0,10799.880847,5,13.9,4.0,350.0,12.8,1020.2,0.0,1.5
1,9.3548,2016,8,13,0.0,0.0,3174.588413,6,37.2,4.0,250.0,16.1,1006.7,0.0,3.1
0,56.03,2016,4,26,0.0,0.0,10219.33,4,28.9,0.0,260.0,12.8,1005.2,0.0,6.7
0,24.55,2016,10,5,0.0,0.0,2862.34143,4,20.6,4.0,50.0,13.3,1026.4,0.0,4.6
0,4.8,2016,4,2,0.0,0.0,747.962053,13,20.6,0.0,280.0,4.4,1024.8,0.0,4.1
1,12.6231,2016,6,19,1912.0,0.0,829.159275,4,30.6,0.0,230.0,12.2,1024.3,0.0,6.7
1,0.0,2016,1,19,1976.0,30.0,48999.922193,2,-11.1,0.0,280.0,-16.0,1015.6,0.0,7.2
0,15.98,2016,1,4,1900.0,0.0,1703.84102,4,1.7,4.0,330.0,-4.4,1015.1,0.0,3.1
0,167.3,2016,6,18,1957.0,0.0,5248.740791,3,28.3,0.0,330.0,8.3,1023.8,0.0,2.6
0,512.12,2016,4,30,2009.0,0.0,51394.86863,6,20.0,0.0,140.0,3.9,1005.6,0.0,5.7
0,3.491,2016,6,23,1919.0,6.0,1737.007391,10,14.0,0.0,300.0,13.0,0.0,0.0,3.6
2,2803.75,2016,11,12,0.0,0.0,18033.494233,1,1.7,0.0,230.0,-3.3,1030.9,0.0,2.1
1,173.65,2016,10,22,0.0,0.0,34376.339672,5,16.7,0.0,310.0,11.1,997.4,0.0,4.6
0,21.475,2016,9,13,1932.0,0.0,1846.540028,3,10.6,0.0,0.0,8.9,1022.1,0.0,0.0
0,116.4,2016,4,5,0.0,0.0,10498.039,7,14.4,0.0,0.0,5.0,1011.0,0.0,0.0
0,67.1,2016,4,5,1942.0,9.0,8078.751977,9,15.0,2.0,300.0,10.0,1024.4,0.0,2.1
0,369.017,2016,1,17,0.0,0.0,37324.058959,7,1.1,0.0,0.0,-4.4,1009.9,0.0,0.0
2,27.45,2016,11,27,0.0,0.0,4140.129292,13,17.2,0.0,100.0,12.8,1022.5,0.0,1.5
1,0.02,2016,4,26,0.0,0.0,3913.910487,7,22.2,0.0,210.0,11.1,1009.6,0.0,2.6
0,894.7,2016,11,25,1995.0,0.0,29946.445923,3,7.2,0.0,350.0,3.9,1021.4,-1.0,1.5
2,146.484,2016,9,28,0.0,0.0,3565.802946,1,10.0,0.0,320.0,7.8,1011.5,-1.0,4.6
0,26.0,2016,9,8,0.0,0.0,4782.925149,13,34.4,0.0,170.0,22.2,1012.9,0.0,4.1
0,61.25,2016,7,16,0.0,6.0,7835.996438,0,32.2,0.0,200.0,-1.7,1004.9,0.0,2.1
0,199.854,2016,8,27,2007.0,0.0,7084.504071,12,27.2,0.0,60.0,22.8,1016.0,0.0,3.6
0,101.45,2016,9,11,1989.0,0.0,10371.226405,6,39.4,2.0,0.0,10.6,1010.2,0.0,0.0
2,12.2,2016,3,5,0.0,0.0,5215.295711,13,25.6,0.0,0.0,11.1,1018.9,0.0,2.6
0,22.23,2016,4,29,1908.0,0.0,1348.858657,4,9.4,0.0,70.0,7.8,1017.0,-1.0,4.1
0,372.603,2016,10,25,0.0,0.0,11042.264774,1,10.6,0.0,120.0,1.1,1026.4,0.0,7.7
3,47.4008,2016,7,11,0.0,0.0,3995.479321,5,26.7,0.0,0.0,15.0,1017.5,0.0,2.1
0,47.0,2016,6,10,0.0,0.0,2379.152927,5,17.2,0.0,310.0,5.0,1016.4,0.0,4.6
0,60.0,2016,4,21,0.0,0.0,3683.511047,13,16.7,2.0,0.0,16.1,1014.5,3.0,0.0
0,103.8,2016,7,13,1945.0,6.0,11200.943098,10,16.0,0.0,340.0,10.0,0.0,0.0,4.6
0,0.7492,2016,10,2,0.0,8.0,499.260722,15,16.4,0.0,310.0,8.2,1017.9,0.0,3.1
0,465.02,2016,11,10,2009.0,0.0,51394.86863,6,28.3,0.0,120.0,-2.2,1014.7,0.0,6.2
0,53.6325,2016,2,17,0.0,0.0,6778.017074,11,1.2,8.0,260.0,1.0,1012.8,0.0,3.0
0,35.8,2016,3,12,1917.0,9.0,15469.650142,9,14.4,0.0,170.0,9.4,1020.1,0.0,8.8
3,70.337,2016,12,10,1966.0,0.0,32129.294811,6,17.2,0.0,270.0,3.9,1019.3,0.0,1.5
1,0.0,2016,12,13,0.0,0.0,7646.102706,1,-17.8,2.0,300.0,-22.2,1023.4,0.0,5.7
0,33.703,2016,12,30,0.0,8.0,3724.016755,15,2.5,0.0,280.0,2.5,1036.0,0.0,1.5
3,0.0,2016,6,20,1968.0,0.0,12244.336691,6,46.7,4.0,190.0,2.8,1004.6,0.0,3.6
0,94.1,2016,10,30,1956.0,11.0,9548.012922,15,11.8,0.0,50.0,10.2,1029.3,0.0,1.0
1,3.9063,2016,7,22,1978.0,0.0,10856.087162,3,31.1,0.0,310.0,20.0,1011.3,0.0,4.6
1,29.9444,2016,8,4,1932.0,0.0,14672.449499,3,23.3,4.0,170.0,16.7,1019.4,0.0,1.5
